text,category,urgency,task,split,source_dataset,event,language,tweet_id,original_label,source_file,label
mahiya naman sana ang mga mag babalak mag bulsa ng mga tulong galing ibang bansa. .. wag nyo nang pagtangkain. PLEASE,negative,moderate,sentiment,train,SEACrowd/typhoon_yolanda_tweets,2013_typhoon_yolanda,fil,yolanda-train--1-1,-1,https://raw.githubusercontent.com/imperialite/Philippine-Languages-Online-Corpora/master/Tweets/Annotated%20Yolanda/train/-1.txt,0
Hmm. The assemble earlier about the Philippines made me realoze how bad the situation is. Awh my poor home,negative,moderate,sentiment,train,SEACrowd/typhoon_yolanda_tweets,2013_typhoon_yolanda,fil,yolanda-train--1-2,-1,https://raw.githubusercontent.com/imperialite/Philippine-Languages-Online-Corpora/master/Tweets/Annotated%20Yolanda/train/-1.txt,0
Malaking sampal sa gobyerno to,negative,moderate,sentiment,train,SEACrowd/typhoon_yolanda_tweets,2013_typhoon_yolanda,fil,yolanda-train--1-3,-1,https://raw.githubusercontent.com/imperialite/Philippine-Languages-Online-Corpora/master/Tweets/Annotated%20Yolanda/train/-1.txt,0
Two days back in Manila but my thoughts are still in #Tacloban,negative,moderate,sentiment,train,SEACrowd/typhoon_yolanda_tweets,2013_typhoon_yolanda,fil,yolanda-train--1-4,-1,https://raw.githubusercontent.com/imperialite/Philippine-Languages-Online-Corpora/master/Tweets/Annotated%20Yolanda/train/-1.txt,0
The PH Gov't is so disappointing. PNOY pointing blame to others what kind of a President are you? Shame on you!,negative,moderate,sentiment,train,SEACrowd/typhoon_yolanda_tweets,2013_typhoon_yolanda,fil,yolanda-train--1-5,-1,https://raw.githubusercontent.com/imperialite/Philippine-Languages-Online-Corpora/master/Tweets/Annotated%20Yolanda/train/-1.txt,0
What Yolanda made to their house. Poor children,negative,moderate,sentiment,train,SEACrowd/typhoon_yolanda_tweets,2013_typhoon_yolanda,fil,yolanda-train--1-6,-1,https://raw.githubusercontent.com/imperialite/Philippine-Languages-Online-Corpora/master/Tweets/Annotated%20Yolanda/train/-1.txt,0
I can not imagine the horrors of what the people (both children and adults) i met earlier today had experienced.,negative,moderate,sentiment,train,SEACrowd/typhoon_yolanda_tweets,2013_typhoon_yolanda,fil,yolanda-train--1-7,-1,https://raw.githubusercontent.com/imperialite/Philippine-Languages-Online-Corpora/master/Tweets/Annotated%20Yolanda/train/-1.txt,0
Nakakaloka! Naiyak naman ako sa #ggv,negative,moderate,sentiment,train,SEACrowd/typhoon_yolanda_tweets,2013_typhoon_yolanda,fil,yolanda-train--1-8,-1,https://raw.githubusercontent.com/imperialite/Philippine-Languages-Online-Corpora/master/Tweets/Annotated%20Yolanda/train/-1.txt,0
malas yata talaga ang 13 dahil 2013 last year at snake pa hehe ang daming sakunang nangyari ang 2014 bagong pagasa,negative,moderate,sentiment,train,SEACrowd/typhoon_yolanda_tweets,2013_typhoon_yolanda,fil,yolanda-train--1-9,-1,https://raw.githubusercontent.com/imperialite/Philippine-Languages-Online-Corpora/master/Tweets/Annotated%20Yolanda/train/-1.txt,0
And I just wanna scream WWWHHHAAAAATT NNNNOOWWWWW I just can't figure it out,negative,moderate,sentiment,train,SEACrowd/typhoon_yolanda_tweets,2013_typhoon_yolanda,fil,yolanda-train--1-10,-1,https://raw.githubusercontent.com/imperialite/Philippine-Languages-Online-Corpora/master/Tweets/Annotated%20Yolanda/train/-1.txt,0
Nakakaiyak talaga yung bagong Station ID ng ABS-CBN na para sa Visayas,negative,moderate,sentiment,train,SEACrowd/typhoon_yolanda_tweets,2013_typhoon_yolanda,fil,yolanda-train--1-11,-1,https://raw.githubusercontent.com/imperialite/Philippine-Languages-Online-Corpora/master/Tweets/Annotated%20Yolanda/train/-1.txt,0
I saw the video.. patawad but I really want to slap Korina Sanchez with her own slippers,negative,moderate,sentiment,train,SEACrowd/typhoon_yolanda_tweets,2013_typhoon_yolanda,fil,yolanda-train--1-12,-1,https://raw.githubusercontent.com/imperialite/Philippine-Languages-Online-Corpora/master/Tweets/Annotated%20Yolanda/train/-1.txt,0
Donation from other Countries. Leche wag lang mabulsa ng mga buwaya,negative,moderate,sentiment,train,SEACrowd/typhoon_yolanda_tweets,2013_typhoon_yolanda,fil,yolanda-train--1-13,-1,https://raw.githubusercontent.com/imperialite/Philippine-Languages-Online-Corpora/master/Tweets/Annotated%20Yolanda/train/-1.txt,0
Napaluha ako bgla while wtchng this new version ng ABS-CBN Christmas Station ID,negative,moderate,sentiment,train,SEACrowd/typhoon_yolanda_tweets,2013_typhoon_yolanda,fil,yolanda-train--1-14,-1,https://raw.githubusercontent.com/imperialite/Philippine-Languages-Online-Corpora/master/Tweets/Annotated%20Yolanda/train/-1.txt,0
2013 is a hard year for Visayans--the earthquake and a typhoon that ravaged these areasDevastation and destruction in Samar & Leyte,negative,moderate,sentiment,train,SEACrowd/typhoon_yolanda_tweets,2013_typhoon_yolanda,fil,yolanda-train--1-15,-1,https://raw.githubusercontent.com/imperialite/Philippine-Languages-Online-Corpora/master/Tweets/Annotated%20Yolanda/train/-1.txt,0
It`s a long way to rehabilitate the damages of #YolandaPH #Haiyan but it will get,negative,moderate,sentiment,train,SEACrowd/typhoon_yolanda_tweets,2013_typhoon_yolanda,fil,yolanda-train--1-16,-1,https://raw.githubusercontent.com/imperialite/Philippine-Languages-Online-Corpora/master/Tweets/Annotated%20Yolanda/train/-1.txt,0
So many things still need to be done to help Tacloban recover from the aftermath of typhoon Yolanda,negative,moderate,sentiment,train,SEACrowd/typhoon_yolanda_tweets,2013_typhoon_yolanda,fil,yolanda-train--1-17,-1,https://raw.githubusercontent.com/imperialite/Philippine-Languages-Online-Corpora/master/Tweets/Annotated%20Yolanda/train/-1.txt,0
Tangina nakakaluha yung balita sa tv patrol,negative,moderate,sentiment,train,SEACrowd/typhoon_yolanda_tweets,2013_typhoon_yolanda,fil,yolanda-train--1-18,-1,https://raw.githubusercontent.com/imperialite/Philippine-Languages-Online-Corpora/master/Tweets/Annotated%20Yolanda/train/-1.txt,0
I pity them so much that I didn't notice tears falling down from my eyes,negative,moderate,sentiment,train,SEACrowd/typhoon_yolanda_tweets,2013_typhoon_yolanda,fil,yolanda-train--1-19,-1,https://raw.githubusercontent.com/imperialite/Philippine-Languages-Online-Corpora/master/Tweets/Annotated%20Yolanda/train/-1.txt,0
CEBU!! They need help cooking and packing hard boiled eggs!,negative,moderate,sentiment,train,SEACrowd/typhoon_yolanda_tweets,2013_typhoon_yolanda,fil,yolanda-train--1-20,-1,https://raw.githubusercontent.com/imperialite/Philippine-Languages-Online-Corpora/master/Tweets/Annotated%20Yolanda/train/-1.txt,0
Yon yong mas active pa tumulong yong mga celebrity kesa sa politician,negative,moderate,sentiment,train,SEACrowd/typhoon_yolanda_tweets,2013_typhoon_yolanda,fil,yolanda-train--1-21,-1,https://raw.githubusercontent.com/imperialite/Philippine-Languages-Online-Corpora/master/Tweets/Annotated%20Yolanda/train/-1.txt,0
Paulit-ulit pero ang bigat pa din,negative,moderate,sentiment,train,SEACrowd/typhoon_yolanda_tweets,2013_typhoon_yolanda,fil,yolanda-train--1-22,-1,https://raw.githubusercontent.com/imperialite/Philippine-Languages-Online-Corpora/master/Tweets/Annotated%20Yolanda/train/-1.txt,0
Yung habang pinapanood mo yung TvPatrol yung sa Yolanda.. Bigla nalang tumulo luha mo sa tindi ng nangyare,negative,moderate,sentiment,train,SEACrowd/typhoon_yolanda_tweets,2013_typhoon_yolanda,fil,yolanda-train--1-23,-1,https://raw.githubusercontent.com/imperialite/Philippine-Languages-Online-Corpora/master/Tweets/Annotated%20Yolanda/train/-1.txt,0
SUPER ka talaga yolanda sobrang dami mong winasak,negative,moderate,sentiment,train,SEACrowd/typhoon_yolanda_tweets,2013_typhoon_yolanda,fil,yolanda-train--1-24,-1,https://raw.githubusercontent.com/imperialite/Philippine-Languages-Online-Corpora/master/Tweets/Annotated%20Yolanda/train/-1.txt,0
@CoconutsManila : This call for help is the saddest >> DOH need volunteer-embalmers,negative,moderate,sentiment,train,SEACrowd/typhoon_yolanda_tweets,2013_typhoon_yolanda,fil,yolanda-train--1-25,-1,https://raw.githubusercontent.com/imperialite/Philippine-Languages-Online-Corpora/master/Tweets/Annotated%20Yolanda/train/-1.txt,0
Pengeng yero,negative,moderate,sentiment,train,SEACrowd/typhoon_yolanda_tweets,2013_typhoon_yolanda,fil,yolanda-train--1-26,-1,https://raw.githubusercontent.com/imperialite/Philippine-Languages-Online-Corpora/master/Tweets/Annotated%20Yolanda/train/-1.txt,0
Saka na ang sisihan di natin gusto ang nagyari,negative,moderate,sentiment,train,SEACrowd/typhoon_yolanda_tweets,2013_typhoon_yolanda,fil,yolanda-train--1-27,-1,https://raw.githubusercontent.com/imperialite/Philippine-Languages-Online-Corpora/master/Tweets/Annotated%20Yolanda/train/-1.txt,0
Bakit nga ba mabagal ang RELIEF OPS ng gobyerno?,negative,moderate,sentiment,train,SEACrowd/typhoon_yolanda_tweets,2013_typhoon_yolanda,fil,yolanda-train--1-28,-1,https://raw.githubusercontent.com/imperialite/Philippine-Languages-Online-Corpora/master/Tweets/Annotated%20Yolanda/train/-1.txt,0
Missing,negative,moderate,sentiment,train,SEACrowd/typhoon_yolanda_tweets,2013_typhoon_yolanda,fil,yolanda-train--1-29,-1,https://raw.githubusercontent.com/imperialite/Philippine-Languages-Online-Corpora/master/Tweets/Annotated%20Yolanda/train/-1.txt,0
I can't explain why everytime I see or hear the situation of Yolanda's victim my tears just fell automatically.,negative,moderate,sentiment,train,SEACrowd/typhoon_yolanda_tweets,2013_typhoon_yolanda,fil,yolanda-train--1-30,-1,https://raw.githubusercontent.com/imperialite/Philippine-Languages-Online-Corpora/master/Tweets/Annotated%20Yolanda/train/-1.txt,0
Hahahaha Grabe na tong paghihikahos sa buhay Gee,negative,moderate,sentiment,train,SEACrowd/typhoon_yolanda_tweets,2013_typhoon_yolanda,fil,yolanda-train--1-31,-1,https://raw.githubusercontent.com/imperialite/Philippine-Languages-Online-Corpora/master/Tweets/Annotated%20Yolanda/train/-1.txt,0
I can feel those who haven't eaten any food for days,negative,moderate,sentiment,train,SEACrowd/typhoon_yolanda_tweets,2013_typhoon_yolanda,fil,yolanda-train--1-32,-1,https://raw.githubusercontent.com/imperialite/Philippine-Languages-Online-Corpora/master/Tweets/Annotated%20Yolanda/train/-1.txt,0
Niyanig ng matinding lindol Nilumpo ni bagyong Yolanda,negative,moderate,sentiment,train,SEACrowd/typhoon_yolanda_tweets,2013_typhoon_yolanda,fil,yolanda-train--1-33,-1,https://raw.githubusercontent.com/imperialite/Philippine-Languages-Online-Corpora/master/Tweets/Annotated%20Yolanda/train/-1.txt,0
Respect ! What a heart !,negative,moderate,sentiment,train,SEACrowd/typhoon_yolanda_tweets,2013_typhoon_yolanda,fil,yolanda-train--1-34,-1,https://raw.githubusercontent.com/imperialite/Philippine-Languages-Online-Corpora/master/Tweets/Annotated%20Yolanda/train/-1.txt,0
Here's Why The Philippines' Economic Miracle Is Really A Bubble In Disguise,negative,moderate,sentiment,train,SEACrowd/typhoon_yolanda_tweets,2013_typhoon_yolanda,fil,yolanda-train--1-35,-1,https://raw.githubusercontent.com/imperialite/Philippine-Languages-Online-Corpora/master/Tweets/Annotated%20Yolanda/train/-1.txt,0
andami ng nagdonate sa Pilipinas pero bat prang gutom at hirap na hirap prin mga nasalanta ng bagyo.,negative,moderate,sentiment,train,SEACrowd/typhoon_yolanda_tweets,2013_typhoon_yolanda,fil,yolanda-train--1-36,-1,https://raw.githubusercontent.com/imperialite/Philippine-Languages-Online-Corpora/master/Tweets/Annotated%20Yolanda/train/-1.txt,0
We need more food in Iloilo and the whole Western Visayas region!,negative,moderate,sentiment,train,SEACrowd/typhoon_yolanda_tweets,2013_typhoon_yolanda,fil,yolanda-train--1-37,-1,https://raw.githubusercontent.com/imperialite/Philippine-Languages-Online-Corpora/master/Tweets/Annotated%20Yolanda/train/-1.txt,0
Sobrang kawawa yung mga na salanta ng #Yolanda wish there was something I could do,negative,moderate,sentiment,train,SEACrowd/typhoon_yolanda_tweets,2013_typhoon_yolanda,fil,yolanda-train--1-38,-1,https://raw.githubusercontent.com/imperialite/Philippine-Languages-Online-Corpora/master/Tweets/Annotated%20Yolanda/train/-1.txt,0
The aftershocks are always the worst,negative,moderate,sentiment,train,SEACrowd/typhoon_yolanda_tweets,2013_typhoon_yolanda,fil,yolanda-train--1-39,-1,https://raw.githubusercontent.com/imperialite/Philippine-Languages-Online-Corpora/master/Tweets/Annotated%20Yolanda/train/-1.txt,0
exhausted from a run for the victims of typhoon yolanda,negative,moderate,sentiment,train,SEACrowd/typhoon_yolanda_tweets,2013_typhoon_yolanda,fil,yolanda-train--1-40,-1,https://raw.githubusercontent.com/imperialite/Philippine-Languages-Online-Corpora/master/Tweets/Annotated%20Yolanda/train/-1.txt,0
the nightmare lives on for Tacloban residents,negative,moderate,sentiment,train,SEACrowd/typhoon_yolanda_tweets,2013_typhoon_yolanda,fil,yolanda-train--1-41,-1,https://raw.githubusercontent.com/imperialite/Philippine-Languages-Online-Corpora/master/Tweets/Annotated%20Yolanda/train/-1.txt,0
Madami pa ding kailangan ng tulong. So help them God,negative,moderate,sentiment,train,SEACrowd/typhoon_yolanda_tweets,2013_typhoon_yolanda,fil,yolanda-train--1-42,-1,https://raw.githubusercontent.com/imperialite/Philippine-Languages-Online-Corpora/master/Tweets/Annotated%20Yolanda/train/-1.txt,0
Typhoon Yolanda death toll rises to record 5209,negative,moderate,sentiment,train,SEACrowd/typhoon_yolanda_tweets,2013_typhoon_yolanda,fil,yolanda-train--1-43,-1,https://raw.githubusercontent.com/imperialite/Philippine-Languages-Online-Corpora/master/Tweets/Annotated%20Yolanda/train/-1.txt,0
Shame on you,negative,moderate,sentiment,train,SEACrowd/typhoon_yolanda_tweets,2013_typhoon_yolanda,fil,yolanda-train--1-44,-1,https://raw.githubusercontent.com/imperialite/Philippine-Languages-Online-Corpora/master/Tweets/Annotated%20Yolanda/train/-1.txt,0
Nakakaiyak pag napapanood ko ung balita,negative,moderate,sentiment,train,SEACrowd/typhoon_yolanda_tweets,2013_typhoon_yolanda,fil,yolanda-train--1-45,-1,https://raw.githubusercontent.com/imperialite/Philippine-Languages-Online-Corpora/master/Tweets/Annotated%20Yolanda/train/-1.txt,0
How come po na ung mga rescue & relief ops ay mbagalpro ung mga media mbilis nkarating dun,negative,moderate,sentiment,train,SEACrowd/typhoon_yolanda_tweets,2013_typhoon_yolanda,fil,yolanda-train--1-46,-1,https://raw.githubusercontent.com/imperialite/Philippine-Languages-Online-Corpora/master/Tweets/Annotated%20Yolanda/train/-1.txt,0
hhahaha naalala niyo toh?,negative,moderate,sentiment,train,SEACrowd/typhoon_yolanda_tweets,2013_typhoon_yolanda,fil,yolanda-train--1-47,-1,https://raw.githubusercontent.com/imperialite/Philippine-Languages-Online-Corpora/master/Tweets/Annotated%20Yolanda/train/-1.txt,0
MAKE AN EFFORT NOT AN EXCUSE.,negative,moderate,sentiment,train,SEACrowd/typhoon_yolanda_tweets,2013_typhoon_yolanda,fil,yolanda-train--1-48,-1,https://raw.githubusercontent.com/imperialite/Philippine-Languages-Online-Corpora/master/Tweets/Annotated%20Yolanda/train/-1.txt,0
Dulag Leyte (victims of Yolanda): need water food candles and medicine. Contact Dianne Tupaz: 09217296827,negative,moderate,sentiment,train,SEACrowd/typhoon_yolanda_tweets,2013_typhoon_yolanda,fil,yolanda-train--1-49,-1,https://raw.githubusercontent.com/imperialite/Philippine-Languages-Online-Corpora/master/Tweets/Annotated%20Yolanda/train/-1.txt,0
Donated ng Indonesia nirepak pah t pinalitan ng supot ng dswd yan ang pilipinas eto bah ang sinasbi Niong #bangonpilipinas,negative,moderate,sentiment,train,SEACrowd/typhoon_yolanda_tweets,2013_typhoon_yolanda,fil,yolanda-train--1-50,-1,https://raw.githubusercontent.com/imperialite/Philippine-Languages-Online-Corpora/master/Tweets/Annotated%20Yolanda/train/-1.txt,0
Tama.. Livelihood for the survivors.,negative,moderate,sentiment,train,SEACrowd/typhoon_yolanda_tweets,2013_typhoon_yolanda,fil,yolanda-train--1-51,-1,https://raw.githubusercontent.com/imperialite/Philippine-Languages-Online-Corpora/master/Tweets/Annotated%20Yolanda/train/-1.txt,0
Grabe naiyak ako sa video,negative,moderate,sentiment,train,SEACrowd/typhoon_yolanda_tweets,2013_typhoon_yolanda,fil,yolanda-train--1-52,-1,https://raw.githubusercontent.com/imperialite/Philippine-Languages-Online-Corpora/master/Tweets/Annotated%20Yolanda/train/-1.txt,0
Really no one can get much preparation from that disaster,negative,moderate,sentiment,train,SEACrowd/typhoon_yolanda_tweets,2013_typhoon_yolanda,fil,yolanda-train--1-53,-1,https://raw.githubusercontent.com/imperialite/Philippine-Languages-Online-Corpora/master/Tweets/Annotated%20Yolanda/train/-1.txt,0
With a typhooneverything went falling down!,negative,moderate,sentiment,train,SEACrowd/typhoon_yolanda_tweets,2013_typhoon_yolanda,fil,yolanda-train--1-54,-1,https://raw.githubusercontent.com/imperialite/Philippine-Languages-Online-Corpora/master/Tweets/Annotated%20Yolanda/train/-1.txt,0
Sad. --- Yolanda’ death toll: 5936,negative,moderate,sentiment,train,SEACrowd/typhoon_yolanda_tweets,2013_typhoon_yolanda,fil,yolanda-train--1-55,-1,https://raw.githubusercontent.com/imperialite/Philippine-Languages-Online-Corpora/master/Tweets/Annotated%20Yolanda/train/-1.txt,0
I see the overwhelming devastation. Day 15 of #YolandaPH,negative,moderate,sentiment,train,SEACrowd/typhoon_yolanda_tweets,2013_typhoon_yolanda,fil,yolanda-train--1-56,-1,https://raw.githubusercontent.com/imperialite/Philippine-Languages-Online-Corpora/master/Tweets/Annotated%20Yolanda/train/-1.txt,0
My friend an elementary teacher informed me today that they have not received any relief goods at Pagsulhugon Babatngon Leyte.,negative,moderate,sentiment,train,SEACrowd/typhoon_yolanda_tweets,2013_typhoon_yolanda,fil,yolanda-train--1-57,-1,https://raw.githubusercontent.com/imperialite/Philippine-Languages-Online-Corpora/master/Tweets/Annotated%20Yolanda/train/-1.txt,0
This is terrible.,negative,moderate,sentiment,train,SEACrowd/typhoon_yolanda_tweets,2013_typhoon_yolanda,fil,yolanda-train--1-58,-1,https://raw.githubusercontent.com/imperialite/Philippine-Languages-Online-Corpora/master/Tweets/Annotated%20Yolanda/train/-1.txt,0
It's been a month but the pain and despair are still there. You're not alone,negative,moderate,sentiment,train,SEACrowd/typhoon_yolanda_tweets,2013_typhoon_yolanda,fil,yolanda-train--1-59,-1,https://raw.githubusercontent.com/imperialite/Philippine-Languages-Online-Corpora/master/Tweets/Annotated%20Yolanda/train/-1.txt,0
rihanna : Navy please keep the people of The Philippines in your prayers!!! I was just there and this truly breaks my heart,negative,moderate,sentiment,train,SEACrowd/typhoon_yolanda_tweets,2013_typhoon_yolanda,fil,yolanda-train--1-60,-1,https://raw.githubusercontent.com/imperialite/Philippine-Languages-Online-Corpora/master/Tweets/Annotated%20Yolanda/train/-1.txt,0
Nang dahil sa SCANDAL nila baYOLA at miraNDA . . . . . . . . nabuo si YOLANDA. HAHAHAHAHAHA,negative,moderate,sentiment,train,SEACrowd/typhoon_yolanda_tweets,2013_typhoon_yolanda,fil,yolanda-train--1-61,-1,https://raw.githubusercontent.com/imperialite/Philippine-Languages-Online-Corpora/master/Tweets/Annotated%20Yolanda/train/-1.txt,0
That was heartwarming I got goosebumps!,negative,moderate,sentiment,train,SEACrowd/typhoon_yolanda_tweets,2013_typhoon_yolanda,fil,yolanda-train--1-62,-1,https://raw.githubusercontent.com/imperialite/Philippine-Languages-Online-Corpora/master/Tweets/Annotated%20Yolanda/train/-1.txt,0
Salamat sa iyong awa pero mas maganda sana kung may kasamang gawa,negative,moderate,sentiment,train,SEACrowd/typhoon_yolanda_tweets,2013_typhoon_yolanda,fil,yolanda-train--1-63,-1,https://raw.githubusercontent.com/imperialite/Philippine-Languages-Online-Corpora/master/Tweets/Annotated%20Yolanda/train/-1.txt,0
shirts are already available in our Intramuros (across Fort Santiago) and NAIA,negative,moderate,sentiment,train,SEACrowd/typhoon_yolanda_tweets,2013_typhoon_yolanda,fil,yolanda-train--1-64,-1,https://raw.githubusercontent.com/imperialite/Philippine-Languages-Online-Corpora/master/Tweets/Annotated%20Yolanda/train/-1.txt,0
Still recovering. From.. The monster typhoon. YOLANDA,negative,moderate,sentiment,train,SEACrowd/typhoon_yolanda_tweets,2013_typhoon_yolanda,fil,yolanda-train--1-65,-1,https://raw.githubusercontent.com/imperialite/Philippine-Languages-Online-Corpora/master/Tweets/Annotated%20Yolanda/train/-1.txt,0
Pagtulong gamit ang sariling kakayahan at talento! Saludo kami sayo @javellanajohn ! Bayani ka,negative,moderate,sentiment,train,SEACrowd/typhoon_yolanda_tweets,2013_typhoon_yolanda,fil,yolanda-train--1-66,-1,https://raw.githubusercontent.com/imperialite/Philippine-Languages-Online-Corpora/master/Tweets/Annotated%20Yolanda/train/-1.txt,0
I cried :'(((((((,negative,moderate,sentiment,train,SEACrowd/typhoon_yolanda_tweets,2013_typhoon_yolanda,fil,yolanda-train--1-67,-1,https://raw.githubusercontent.com/imperialite/Philippine-Languages-Online-Corpora/master/Tweets/Annotated%20Yolanda/train/-1.txt,0
Before and after picture of Tacloban,negative,moderate,sentiment,train,SEACrowd/typhoon_yolanda_tweets,2013_typhoon_yolanda,fil,yolanda-train--1-68,-1,https://raw.githubusercontent.com/imperialite/Philippine-Languages-Online-Corpora/master/Tweets/Annotated%20Yolanda/train/-1.txt,0
This is heartbreaking,negative,moderate,sentiment,train,SEACrowd/typhoon_yolanda_tweets,2013_typhoon_yolanda,fil,yolanda-train--1-69,-1,https://raw.githubusercontent.com/imperialite/Philippine-Languages-Online-Corpora/master/Tweets/Annotated%20Yolanda/train/-1.txt,0
UN: Millions in the Visayas still hungry!,negative,moderate,sentiment,train,SEACrowd/typhoon_yolanda_tweets,2013_typhoon_yolanda,fil,yolanda-train--1-70,-1,https://raw.githubusercontent.com/imperialite/Philippine-Languages-Online-Corpora/master/Tweets/Annotated%20Yolanda/train/-1.txt,0
This is how strong Yolanda is,negative,moderate,sentiment,train,SEACrowd/typhoon_yolanda_tweets,2013_typhoon_yolanda,fil,yolanda-train--1-71,-1,https://raw.githubusercontent.com/imperialite/Philippine-Languages-Online-Corpora/master/Tweets/Annotated%20Yolanda/train/-1.txt,0
Sana yung perang intended para sa mga nasalanta ng bagyo mapunta talaga sakanila hindi sa bulsa ng iba,negative,moderate,sentiment,train,SEACrowd/typhoon_yolanda_tweets,2013_typhoon_yolanda,fil,yolanda-train--1-72,-1,https://raw.githubusercontent.com/imperialite/Philippine-Languages-Online-Corpora/master/Tweets/Annotated%20Yolanda/train/-1.txt,0
Helping out never felt so good,negative,moderate,sentiment,train,SEACrowd/typhoon_yolanda_tweets,2013_typhoon_yolanda,fil,yolanda-train--1-73,-1,https://raw.githubusercontent.com/imperialite/Philippine-Languages-Online-Corpora/master/Tweets/Annotated%20Yolanda/train/-1.txt,0
naiiyak na ako huhuhu,negative,moderate,sentiment,train,SEACrowd/typhoon_yolanda_tweets,2013_typhoon_yolanda,fil,yolanda-train--1-74,-1,https://raw.githubusercontent.com/imperialite/Philippine-Languages-Online-Corpora/master/Tweets/Annotated%20Yolanda/train/-1.txt,0
Teh lovelife lang problema mo pano naman yung mga nasalanta ng bagyo?? Puwede bawasan mo ang pag-iinarte?,negative,moderate,sentiment,train,SEACrowd/typhoon_yolanda_tweets,2013_typhoon_yolanda,fil,yolanda-train--1-75,-1,https://raw.githubusercontent.com/imperialite/Philippine-Languages-Online-Corpora/master/Tweets/Annotated%20Yolanda/train/-1.txt,0
Tubig,negative,moderate,sentiment,train,SEACrowd/typhoon_yolanda_tweets,2013_typhoon_yolanda,fil,yolanda-train--1-76,-1,https://raw.githubusercontent.com/imperialite/Philippine-Languages-Online-Corpora/master/Tweets/Annotated%20Yolanda/train/-1.txt,0
hindi nila kelangan ng awa kelangan nila ng tulong. WE NEED TO HELP!,negative,moderate,sentiment,train,SEACrowd/typhoon_yolanda_tweets,2013_typhoon_yolanda,fil,yolanda-train--1-77,-1,https://raw.githubusercontent.com/imperialite/Philippine-Languages-Online-Corpora/master/Tweets/Annotated%20Yolanda/train/-1.txt,0
Tacloban. Grabe to. Grabe to.,negative,moderate,sentiment,train,SEACrowd/typhoon_yolanda_tweets,2013_typhoon_yolanda,fil,yolanda-train--1-78,-1,https://raw.githubusercontent.com/imperialite/Philippine-Languages-Online-Corpora/master/Tweets/Annotated%20Yolanda/train/-1.txt,0
5235 died.,negative,moderate,sentiment,train,SEACrowd/typhoon_yolanda_tweets,2013_typhoon_yolanda,fil,yolanda-train--1-79,-1,https://raw.githubusercontent.com/imperialite/Philippine-Languages-Online-Corpora/master/Tweets/Annotated%20Yolanda/train/-1.txt,0
REHABILITASYON hindi Militarisasyon at Demolisyon,negative,moderate,sentiment,train,SEACrowd/typhoon_yolanda_tweets,2013_typhoon_yolanda,fil,yolanda-train--1-80,-1,https://raw.githubusercontent.com/imperialite/Philippine-Languages-Online-Corpora/master/Tweets/Annotated%20Yolanda/train/-1.txt,0
Heavy news,negative,moderate,sentiment,train,SEACrowd/typhoon_yolanda_tweets,2013_typhoon_yolanda,fil,yolanda-train--1-81,-1,https://raw.githubusercontent.com/imperialite/Philippine-Languages-Online-Corpora/master/Tweets/Annotated%20Yolanda/train/-1.txt,0
jgh from somewhere else... grabe ang saya ng caroling nmn... sana ganito rin ang nararamdaman ng mga survivor,negative,moderate,sentiment,train,SEACrowd/typhoon_yolanda_tweets,2013_typhoon_yolanda,fil,yolanda-train--1-82,-1,https://raw.githubusercontent.com/imperialite/Philippine-Languages-Online-Corpora/master/Tweets/Annotated%20Yolanda/train/-1.txt,0
Yung bibigat nlang ung loob mo at maiiyak ka pa dahil sa mga napapanuod mo sa balitang nasalanta ng bagyo.,negative,moderate,sentiment,train,SEACrowd/typhoon_yolanda_tweets,2013_typhoon_yolanda,fil,yolanda-train--1-83,-1,https://raw.githubusercontent.com/imperialite/Philippine-Languages-Online-Corpora/master/Tweets/Annotated%20Yolanda/train/-1.txt,0
Oh well this christmas is kind of sad and we all probably know why but gora lang!!! There's still 2014!!!,negative,moderate,sentiment,train,SEACrowd/typhoon_yolanda_tweets,2013_typhoon_yolanda,fil,yolanda-train--1-84,-1,https://raw.githubusercontent.com/imperialite/Philippine-Languages-Online-Corpora/master/Tweets/Annotated%20Yolanda/train/-1.txt,0
Only a hungry person can really understand the pain of hunger!,negative,moderate,sentiment,train,SEACrowd/typhoon_yolanda_tweets,2013_typhoon_yolanda,fil,yolanda-train--1-85,-1,https://raw.githubusercontent.com/imperialite/Philippine-Languages-Online-Corpora/master/Tweets/Annotated%20Yolanda/train/-1.txt,0
Zoraida: More areas under storm signal #1,negative,moderate,sentiment,train,SEACrowd/typhoon_yolanda_tweets,2013_typhoon_yolanda,fil,yolanda-train--1-86,-1,https://raw.githubusercontent.com/imperialite/Philippine-Languages-Online-Corpora/master/Tweets/Annotated%20Yolanda/train/-1.txt,0
VP Jejomar Binay is a clear example that politicians really use a tragedy to boost up their political name. Shame on you Binay.,negative,moderate,sentiment,train,SEACrowd/typhoon_yolanda_tweets,2013_typhoon_yolanda,fil,yolanda-train--1-87,-1,https://raw.githubusercontent.com/imperialite/Philippine-Languages-Online-Corpora/master/Tweets/Annotated%20Yolanda/train/-1.txt,0
This government must act quickly,negative,moderate,sentiment,train,SEACrowd/typhoon_yolanda_tweets,2013_typhoon_yolanda,fil,yolanda-train--1-88,-1,https://raw.githubusercontent.com/imperialite/Philippine-Languages-Online-Corpora/master/Tweets/Annotated%20Yolanda/train/-1.txt,0
Post-‘Yolanda’ rebuilding to take five years!,negative,moderate,sentiment,train,SEACrowd/typhoon_yolanda_tweets,2013_typhoon_yolanda,fil,yolanda-train--1-89,-1,https://raw.githubusercontent.com/imperialite/Philippine-Languages-Online-Corpora/master/Tweets/Annotated%20Yolanda/train/-1.txt,0
Volunteers needed,negative,moderate,sentiment,train,SEACrowd/typhoon_yolanda_tweets,2013_typhoon_yolanda,fil,yolanda-train--1-90,-1,https://raw.githubusercontent.com/imperialite/Philippine-Languages-Online-Corpora/master/Tweets/Annotated%20Yolanda/train/-1.txt,0
Bakit kaya ganun nalang kabagal ang gobyerno ntin. 5days na ang nakalipas. Naunahan pa ng ibang bansa,negative,moderate,sentiment,train,SEACrowd/typhoon_yolanda_tweets,2013_typhoon_yolanda,fil,yolanda-train--1-91,-1,https://raw.githubusercontent.com/imperialite/Philippine-Languages-Online-Corpora/master/Tweets/Annotated%20Yolanda/train/-1.txt,0
while watching this video hindi ko napigilan ang luha ko! kaya to!,negative,moderate,sentiment,train,SEACrowd/typhoon_yolanda_tweets,2013_typhoon_yolanda,fil,yolanda-train--1-92,-1,https://raw.githubusercontent.com/imperialite/Philippine-Languages-Online-Corpora/master/Tweets/Annotated%20Yolanda/train/-1.txt,0
Wanted to get a #BangonPH or #BangonPilipinas shirt but they were sold out na!,negative,moderate,sentiment,train,SEACrowd/typhoon_yolanda_tweets,2013_typhoon_yolanda,fil,yolanda-train--1-93,-1,https://raw.githubusercontent.com/imperialite/Philippine-Languages-Online-Corpora/master/Tweets/Annotated%20Yolanda/train/-1.txt,0
Id cried a lot watching it,negative,moderate,sentiment,train,SEACrowd/typhoon_yolanda_tweets,2013_typhoon_yolanda,fil,yolanda-train--1-94,-1,https://raw.githubusercontent.com/imperialite/Philippine-Languages-Online-Corpora/master/Tweets/Annotated%20Yolanda/train/-1.txt,0
33 days 'til Christmas Eve I might not enjoy Christmas if the Yolanda Victims won't,negative,moderate,sentiment,train,SEACrowd/typhoon_yolanda_tweets,2013_typhoon_yolanda,fil,yolanda-train--1-95,-1,https://raw.githubusercontent.com/imperialite/Philippine-Languages-Online-Corpora/master/Tweets/Annotated%20Yolanda/train/-1.txt,0
Well I hear your cry & I feel your pain. I know you tried so hard,negative,moderate,sentiment,train,SEACrowd/typhoon_yolanda_tweets,2013_typhoon_yolanda,fil,yolanda-train--1-96,-1,https://raw.githubusercontent.com/imperialite/Philippine-Languages-Online-Corpora/master/Tweets/Annotated%20Yolanda/train/-1.txt,0
Siguradoha lang na sa mga biktima maadto ang kwarta Di sa dili maayong kamot,negative,moderate,sentiment,train,SEACrowd/typhoon_yolanda_tweets,2013_typhoon_yolanda,fil,yolanda-train--1-97,-1,https://raw.githubusercontent.com/imperialite/Philippine-Languages-Online-Corpora/master/Tweets/Annotated%20Yolanda/train/-1.txt,0
Today marks the weeksary of #YolandaPH & monthsary of the 7.2 magnitude quake in Bohol. Not a coincidence,negative,moderate,sentiment,train,SEACrowd/typhoon_yolanda_tweets,2013_typhoon_yolanda,fil,yolanda-train--1-98,-1,https://raw.githubusercontent.com/imperialite/Philippine-Languages-Online-Corpora/master/Tweets/Annotated%20Yolanda/train/-1.txt,0
I always feel sad because of what happened,negative,moderate,sentiment,train,SEACrowd/typhoon_yolanda_tweets,2013_typhoon_yolanda,fil,yolanda-train--1-99,-1,https://raw.githubusercontent.com/imperialite/Philippine-Languages-Online-Corpora/master/Tweets/Annotated%20Yolanda/train/-1.txt,0
These brownouts in cebu are starting to really piss me off. But i know its for the people in tacloban,negative,moderate,sentiment,train,SEACrowd/typhoon_yolanda_tweets,2013_typhoon_yolanda,fil,yolanda-train--1-100,-1,https://raw.githubusercontent.com/imperialite/Philippine-Languages-Online-Corpora/master/Tweets/Annotated%20Yolanda/train/-1.txt,0
Walang pagod! Ang Weird,negative,moderate,sentiment,train,SEACrowd/typhoon_yolanda_tweets,2013_typhoon_yolanda,fil,yolanda-train--1-101,-1,https://raw.githubusercontent.com/imperialite/Philippine-Languages-Online-Corpora/master/Tweets/Annotated%20Yolanda/train/-1.txt,0
OFW WALANG SILBI PAGDATING SA KALAMIDAD: NASAAN ANG MGA IMPORTED?,negative,moderate,sentiment,train,SEACrowd/typhoon_yolanda_tweets,2013_typhoon_yolanda,fil,yolanda-train--1-102,-1,https://raw.githubusercontent.com/imperialite/Philippine-Languages-Online-Corpora/master/Tweets/Annotated%20Yolanda/train/-1.txt,0
Napanood ko na naman yung mga tga-Visayas. Naiyak na naman ako,negative,moderate,sentiment,train,SEACrowd/typhoon_yolanda_tweets,2013_typhoon_yolanda,fil,yolanda-train--1-103,-1,https://raw.githubusercontent.com/imperialite/Philippine-Languages-Online-Corpora/master/Tweets/Annotated%20Yolanda/train/-1.txt,0
Di ko kinaya naiyak tlga ako dito,negative,moderate,sentiment,train,SEACrowd/typhoon_yolanda_tweets,2013_typhoon_yolanda,fil,yolanda-train--1-104,-1,https://raw.githubusercontent.com/imperialite/Philippine-Languages-Online-Corpora/master/Tweets/Annotated%20Yolanda/train/-1.txt,0
If it's true that politicians are taking advantage on relief goods! That's a BIG BOOO POLITICIANS!,negative,moderate,sentiment,train,SEACrowd/typhoon_yolanda_tweets,2013_typhoon_yolanda,fil,yolanda-train--1-105,-1,https://raw.githubusercontent.com/imperialite/Philippine-Languages-Online-Corpora/master/Tweets/Annotated%20Yolanda/train/-1.txt,0
nakakapangilabot ang tinig at larawan a month after yolanda. It breaks my heart a mom/dad asking help,negative,moderate,sentiment,train,SEACrowd/typhoon_yolanda_tweets,2013_typhoon_yolanda,fil,yolanda-train--1-106,-1,https://raw.githubusercontent.com/imperialite/Philippine-Languages-Online-Corpora/master/Tweets/Annotated%20Yolanda/train/-1.txt,0
Some foreigners are willing to help but they are afraid that aid will go to the wrong person. Politicians hear them,negative,moderate,sentiment,train,SEACrowd/typhoon_yolanda_tweets,2013_typhoon_yolanda,fil,yolanda-train--1-107,-1,https://raw.githubusercontent.com/imperialite/Philippine-Languages-Online-Corpora/master/Tweets/Annotated%20Yolanda/train/-1.txt,0
#YolandaPH delaying tactics for help relief chaos commotion... This is planned? Prolong the agony to cover up #Napoles issue.,negative,moderate,sentiment,train,SEACrowd/typhoon_yolanda_tweets,2013_typhoon_yolanda,fil,yolanda-train--1-108,-1,https://raw.githubusercontent.com/imperialite/Philippine-Languages-Online-Corpora/master/Tweets/Annotated%20Yolanda/train/-1.txt,0
Not your ordinary #workout day,negative,moderate,sentiment,train,SEACrowd/typhoon_yolanda_tweets,2013_typhoon_yolanda,fil,yolanda-train--1-109,-1,https://raw.githubusercontent.com/imperialite/Philippine-Languages-Online-Corpora/master/Tweets/Annotated%20Yolanda/train/-1.txt,0
Too much negativity and it's just the start of the week. I won't lose focus though. So many things need to be done. Kaya pa!!!,negative,moderate,sentiment,train,SEACrowd/typhoon_yolanda_tweets,2013_typhoon_yolanda,fil,yolanda-train--1-110,-1,https://raw.githubusercontent.com/imperialite/Philippine-Languages-Online-Corpora/master/Tweets/Annotated%20Yolanda/train/-1.txt,0
Sh*t the FvCK UP! DO YOUR JOB,negative,moderate,sentiment,train,SEACrowd/typhoon_yolanda_tweets,2013_typhoon_yolanda,fil,yolanda-train--1-111,-1,https://raw.githubusercontent.com/imperialite/Philippine-Languages-Online-Corpora/master/Tweets/Annotated%20Yolanda/train/-1.txt,0
the province of leyte in the philippines needs help :(,negative,moderate,sentiment,train,SEACrowd/typhoon_yolanda_tweets,2013_typhoon_yolanda,fil,yolanda-train--1-112,-1,https://raw.githubusercontent.com/imperialite/Philippine-Languages-Online-Corpora/master/Tweets/Annotated%20Yolanda/train/-1.txt,0
Sana naman yung mga tulong na galing sa ibang bansa makarating sa mga nangangailangan. Di dun sa bulsa ng may mga kapangyarihan,negative,moderate,sentiment,train,SEACrowd/typhoon_yolanda_tweets,2013_typhoon_yolanda,fil,yolanda-train--1-113,-1,https://raw.githubusercontent.com/imperialite/Philippine-Languages-Online-Corpora/master/Tweets/Annotated%20Yolanda/train/-1.txt,0
That bitch Yolanda robbed me of decent sleep,negative,moderate,sentiment,train,SEACrowd/typhoon_yolanda_tweets,2013_typhoon_yolanda,fil,yolanda-train--1-114,-1,https://raw.githubusercontent.com/imperialite/Philippine-Languages-Online-Corpora/master/Tweets/Annotated%20Yolanda/train/-1.txt,0
A saddening first glimpse of #Yolanda 's wrath last Nov 102013,negative,moderate,sentiment,train,SEACrowd/typhoon_yolanda_tweets,2013_typhoon_yolanda,fil,yolanda-train--1-115,-1,https://raw.githubusercontent.com/imperialite/Philippine-Languages-Online-Corpora/master/Tweets/Annotated%20Yolanda/train/-1.txt,0
Nakakaiyak yung pinalabas sa It's Showtime.,negative,moderate,sentiment,train,SEACrowd/typhoon_yolanda_tweets,2013_typhoon_yolanda,fil,yolanda-train--1-116,-1,https://raw.githubusercontent.com/imperialite/Philippine-Languages-Online-Corpora/master/Tweets/Annotated%20Yolanda/train/-1.txt,0
the destruction would be minimized if only we voted the right people in the government,negative,moderate,sentiment,train,SEACrowd/typhoon_yolanda_tweets,2013_typhoon_yolanda,fil,yolanda-train--1-117,-1,https://raw.githubusercontent.com/imperialite/Philippine-Languages-Online-Corpora/master/Tweets/Annotated%20Yolanda/train/-1.txt,0
Where is the PH government? Do you exist? We need help in Tacloban.,negative,moderate,sentiment,train,SEACrowd/typhoon_yolanda_tweets,2013_typhoon_yolanda,fil,yolanda-train--1-118,-1,https://raw.githubusercontent.com/imperialite/Philippine-Languages-Online-Corpora/master/Tweets/Annotated%20Yolanda/train/-1.txt,0
Goodbye Yolanda.. we will never miss you,negative,moderate,sentiment,train,SEACrowd/typhoon_yolanda_tweets,2013_typhoon_yolanda,fil,yolanda-train--1-119,-1,https://raw.githubusercontent.com/imperialite/Philippine-Languages-Online-Corpora/master/Tweets/Annotated%20Yolanda/train/-1.txt,0
super heart breaking :( .. I HATE YOU SO MUCH YOLANDA,negative,moderate,sentiment,train,SEACrowd/typhoon_yolanda_tweets,2013_typhoon_yolanda,fil,yolanda-train--1-120,-1,https://raw.githubusercontent.com/imperialite/Philippine-Languages-Online-Corpora/master/Tweets/Annotated%20Yolanda/train/-1.txt,0
sad to see the footages and reminisce on tragic moments. Still on heartache,negative,moderate,sentiment,train,SEACrowd/typhoon_yolanda_tweets,2013_typhoon_yolanda,fil,yolanda-train--1-121,-1,https://raw.githubusercontent.com/imperialite/Philippine-Languages-Online-Corpora/master/Tweets/Annotated%20Yolanda/train/-1.txt,0
News everywhere made me cry all afternoon. This weekend guys! Who are free to volunteer and give some donations? Kamon,negative,moderate,sentiment,train,SEACrowd/typhoon_yolanda_tweets,2013_typhoon_yolanda,fil,yolanda-train--1-122,-1,https://raw.githubusercontent.com/imperialite/Philippine-Languages-Online-Corpora/master/Tweets/Annotated%20Yolanda/train/-1.txt,0
Gusto ko makabili na ngayonhaba pa rin ng pila,negative,moderate,sentiment,train,SEACrowd/typhoon_yolanda_tweets,2013_typhoon_yolanda,fil,yolanda-train--1-123,-1,https://raw.githubusercontent.com/imperialite/Philippine-Languages-Online-Corpora/master/Tweets/Annotated%20Yolanda/train/-1.txt,0
Kapanindig balahibo hay kawawa talaga yng mga Yolanda Victims.,negative,moderate,sentiment,train,SEACrowd/typhoon_yolanda_tweets,2013_typhoon_yolanda,fil,yolanda-train--1-124,-1,https://raw.githubusercontent.com/imperialite/Philippine-Languages-Online-Corpora/master/Tweets/Annotated%20Yolanda/train/-1.txt,0
Here it is the heartbreaking story of Yolanda,negative,moderate,sentiment,train,SEACrowd/typhoon_yolanda_tweets,2013_typhoon_yolanda,fil,yolanda-train--1-125,-1,https://raw.githubusercontent.com/imperialite/Philippine-Languages-Online-Corpora/master/Tweets/Annotated%20Yolanda/train/-1.txt,0
Nasasaktan ako dahil... mahal kita. Applicable yung line ni Chichay sa feelings ko para sa bansa.,negative,moderate,sentiment,train,SEACrowd/typhoon_yolanda_tweets,2013_typhoon_yolanda,fil,yolanda-train--1-126,-1,https://raw.githubusercontent.com/imperialite/Philippine-Languages-Online-Corpora/master/Tweets/Annotated%20Yolanda/train/-1.txt,0
i dunno what to do aside from praying on the people affectecd by the storm. haaay,negative,moderate,sentiment,train,SEACrowd/typhoon_yolanda_tweets,2013_typhoon_yolanda,fil,yolanda-train--1-127,-1,https://raw.githubusercontent.com/imperialite/Philippine-Languages-Online-Corpora/master/Tweets/Annotated%20Yolanda/train/-1.txt,0
Watching Failon Ngayon. Na-emotional na sad dayun ko,negative,moderate,sentiment,train,SEACrowd/typhoon_yolanda_tweets,2013_typhoon_yolanda,fil,yolanda-train--1-128,-1,https://raw.githubusercontent.com/imperialite/Philippine-Languages-Online-Corpora/master/Tweets/Annotated%20Yolanda/train/-1.txt,0
This is what happened to the trees in Leyte and Samar. They were either snapped toppled or sheared.,negative,moderate,sentiment,train,SEACrowd/typhoon_yolanda_tweets,2013_typhoon_yolanda,fil,yolanda-train--1-129,-1,https://raw.githubusercontent.com/imperialite/Philippine-Languages-Online-Corpora/master/Tweets/Annotated%20Yolanda/train/-1.txt,0
its a heartbreaking view a happy town turn to this,negative,moderate,sentiment,train,SEACrowd/typhoon_yolanda_tweets,2013_typhoon_yolanda,fil,yolanda-train--1-130,-1,https://raw.githubusercontent.com/imperialite/Philippine-Languages-Online-Corpora/master/Tweets/Annotated%20Yolanda/train/-1.txt,0
Hindi ito panahon ng pag popost ng photos na may masasarap na pagkain at mga bagong damit. Panahon ngayon ng pagdadasal,negative,moderate,sentiment,train,SEACrowd/typhoon_yolanda_tweets,2013_typhoon_yolanda,fil,yolanda-train--1-131,-1,https://raw.githubusercontent.com/imperialite/Philippine-Languages-Online-Corpora/master/Tweets/Annotated%20Yolanda/train/-1.txt,0
Sana naman lahat ng donation mapunta sa mga nasalanta ng bagyo. H'wag nang idaan sa kamay ng mga pulitiko. Alam mo na,negative,moderate,sentiment,train,SEACrowd/typhoon_yolanda_tweets,2013_typhoon_yolanda,fil,yolanda-train--1-132,-1,https://raw.githubusercontent.com/imperialite/Philippine-Languages-Online-Corpora/master/Tweets/Annotated%20Yolanda/train/-1.txt,0
kawawa naman ang bansang Pilipinas... gahasang gahasa na ng mga walang pusong pulitiko,negative,moderate,sentiment,train,SEACrowd/typhoon_yolanda_tweets,2013_typhoon_yolanda,fil,yolanda-train--1-133,-1,https://raw.githubusercontent.com/imperialite/Philippine-Languages-Online-Corpora/master/Tweets/Annotated%20Yolanda/train/-1.txt,0
I hate this year.. puro tragedy! Help Philippines to rise again,negative,moderate,sentiment,train,SEACrowd/typhoon_yolanda_tweets,2013_typhoon_yolanda,fil,yolanda-train--1-134,-1,https://raw.githubusercontent.com/imperialite/Philippine-Languages-Online-Corpora/master/Tweets/Annotated%20Yolanda/train/-1.txt,0
On my way to volunteer in DSWD.. But this traffic caused by bikers in Buendia is terrible!,negative,moderate,sentiment,train,SEACrowd/typhoon_yolanda_tweets,2013_typhoon_yolanda,fil,yolanda-train--1-135,-1,https://raw.githubusercontent.com/imperialite/Philippine-Languages-Online-Corpora/master/Tweets/Annotated%20Yolanda/train/-1.txt,0
"bandila : Official death toll from super typhoon Yolanda"" now at 6100",negative,moderate,sentiment,train,SEACrowd/typhoon_yolanda_tweets,2013_typhoon_yolanda,fil,yolanda-train--1-136,-1,https://raw.githubusercontent.com/imperialite/Philippine-Languages-Online-Corpora/master/Tweets/Annotated%20Yolanda/train/-1.txt,0
Dear PNOY where are you? We need you.,negative,moderate,sentiment,train,SEACrowd/typhoon_yolanda_tweets,2013_typhoon_yolanda,fil,yolanda-train--1-137,-1,https://raw.githubusercontent.com/imperialite/Philippine-Languages-Online-Corpora/master/Tweets/Annotated%20Yolanda/train/-1.txt,0
Grabe naiyak ako dito lalo na pag naiisip ko nangyayari sa Pinas.,negative,moderate,sentiment,train,SEACrowd/typhoon_yolanda_tweets,2013_typhoon_yolanda,fil,yolanda-train--1-138,-1,https://raw.githubusercontent.com/imperialite/Philippine-Languages-Online-Corpora/master/Tweets/Annotated%20Yolanda/train/-1.txt,0
Sad stories all around coming from those of a resilient race,negative,moderate,sentiment,train,SEACrowd/typhoon_yolanda_tweets,2013_typhoon_yolanda,fil,yolanda-train--1-139,-1,https://raw.githubusercontent.com/imperialite/Philippine-Languages-Online-Corpora/master/Tweets/Annotated%20Yolanda/train/-1.txt,0
GRABE PATI GAMOT UBOS NA? PAANO SILA NGAYON YUNG MAY MGA SAKIT?,negative,moderate,sentiment,train,SEACrowd/typhoon_yolanda_tweets,2013_typhoon_yolanda,fil,yolanda-train--1-140,-1,https://raw.githubusercontent.com/imperialite/Philippine-Languages-Online-Corpora/master/Tweets/Annotated%20Yolanda/train/-1.txt,0
I have a lot of clean water.. but I need bottles so I can give it out,negative,moderate,sentiment,train,SEACrowd/typhoon_yolanda_tweets,2013_typhoon_yolanda,fil,yolanda-train--1-141,-1,https://raw.githubusercontent.com/imperialite/Philippine-Languages-Online-Corpora/master/Tweets/Annotated%20Yolanda/train/-1.txt,0
crying since the last 4 days because of the same reason... seeing the people who got affected by the super typhoon,negative,moderate,sentiment,train,SEACrowd/typhoon_yolanda_tweets,2013_typhoon_yolanda,fil,yolanda-train--1-142,-1,https://raw.githubusercontent.com/imperialite/Philippine-Languages-Online-Corpora/master/Tweets/Annotated%20Yolanda/train/-1.txt,0
Ang damin aids donations pledges pero nasan naba kayo ang daming nagugutom at nagkakasakit sa mga #YolandaPh,negative,moderate,sentiment,train,SEACrowd/typhoon_yolanda_tweets,2013_typhoon_yolanda,fil,yolanda-train--1-143,-1,https://raw.githubusercontent.com/imperialite/Philippine-Languages-Online-Corpora/master/Tweets/Annotated%20Yolanda/train/-1.txt,0
Hindi ba nahihiya Pilipinas sa ibang bansa?,negative,moderate,sentiment,train,SEACrowd/typhoon_yolanda_tweets,2013_typhoon_yolanda,fil,yolanda-train--1-144,-1,https://raw.githubusercontent.com/imperialite/Philippine-Languages-Online-Corpora/master/Tweets/Annotated%20Yolanda/train/-1.txt,0
Nakaligtas nga kay yolanda namatay nmn sa paghahanap ng pagkain kilos kilos aba!! Kelangan nila ng mabilisang tulong,negative,moderate,sentiment,train,SEACrowd/typhoon_yolanda_tweets,2013_typhoon_yolanda,fil,yolanda-train--1-145,-1,https://raw.githubusercontent.com/imperialite/Philippine-Languages-Online-Corpora/master/Tweets/Annotated%20Yolanda/train/-1.txt,0
Still they are looking for them,negative,moderate,sentiment,train,SEACrowd/typhoon_yolanda_tweets,2013_typhoon_yolanda,fil,yolanda-train--1-146,-1,https://raw.githubusercontent.com/imperialite/Philippine-Languages-Online-Corpora/master/Tweets/Annotated%20Yolanda/train/-1.txt,0
Por dyos por santo ang kupad ng gobyerno sa pagtulong sa biktima,negative,moderate,sentiment,train,SEACrowd/typhoon_yolanda_tweets,2013_typhoon_yolanda,fil,yolanda-train--1-147,-1,https://raw.githubusercontent.com/imperialite/Philippine-Languages-Online-Corpora/master/Tweets/Annotated%20Yolanda/train/-1.txt,0
Please Help!,negative,moderate,sentiment,train,SEACrowd/typhoon_yolanda_tweets,2013_typhoon_yolanda,fil,yolanda-train--1-148,-1,https://raw.githubusercontent.com/imperialite/Philippine-Languages-Online-Corpora/master/Tweets/Annotated%20Yolanda/train/-1.txt,0
@MsLeaSalonga It was a bad taste indeed. How sensitive can politics be to think of the future elections at a time like this,negative,moderate,sentiment,train,SEACrowd/typhoon_yolanda_tweets,2013_typhoon_yolanda,fil,yolanda-train--1-149,-1,https://raw.githubusercontent.com/imperialite/Philippine-Languages-Online-Corpora/master/Tweets/Annotated%20Yolanda/train/-1.txt,0
Kakakilabot nakakaiyak ung mga nngyayari ngaun grabe talaga,negative,moderate,sentiment,train,SEACrowd/typhoon_yolanda_tweets,2013_typhoon_yolanda,fil,yolanda-train--1-150,-1,https://raw.githubusercontent.com/imperialite/Philippine-Languages-Online-Corpora/master/Tweets/Annotated%20Yolanda/train/-1.txt,0
Da road wid trees bare of leaves lamp posts leaning down,negative,moderate,sentiment,train,SEACrowd/typhoon_yolanda_tweets,2013_typhoon_yolanda,fil,yolanda-train--1-151,-1,https://raw.githubusercontent.com/imperialite/Philippine-Languages-Online-Corpora/master/Tweets/Annotated%20Yolanda/train/-1.txt,0
Pls Justin . MyRelatives Affect The YolandaTyphoon . Thankyou,negative,moderate,sentiment,train,SEACrowd/typhoon_yolanda_tweets,2013_typhoon_yolanda,fil,yolanda-train--1-152,-1,https://raw.githubusercontent.com/imperialite/Philippine-Languages-Online-Corpora/master/Tweets/Annotated%20Yolanda/train/-1.txt,0
hay dami pa rin aftermath ng bagyong yolanda,negative,moderate,sentiment,train,SEACrowd/typhoon_yolanda_tweets,2013_typhoon_yolanda,fil,yolanda-train--1-153,-1,https://raw.githubusercontent.com/imperialite/Philippine-Languages-Online-Corpora/master/Tweets/Annotated%20Yolanda/train/-1.txt,0
When you hopelessly hoping that all the relief goods should reach them!.. Duas can reach them guys!,negative,moderate,sentiment,train,SEACrowd/typhoon_yolanda_tweets,2013_typhoon_yolanda,fil,yolanda-train--1-154,-1,https://raw.githubusercontent.com/imperialite/Philippine-Languages-Online-Corpora/master/Tweets/Annotated%20Yolanda/train/-1.txt,0
nkakalungkot panuorin sa balita ang nasalanta ng bagyo,negative,moderate,sentiment,train,SEACrowd/typhoon_yolanda_tweets,2013_typhoon_yolanda,fil,yolanda-train--1-155,-1,https://raw.githubusercontent.com/imperialite/Philippine-Languages-Online-Corpora/master/Tweets/Annotated%20Yolanda/train/-1.txt,0
I miss HOME! I miss TACLOBAN .. Promise to be back soon!,negative,moderate,sentiment,train,SEACrowd/typhoon_yolanda_tweets,2013_typhoon_yolanda,fil,yolanda-train--1-156,-1,https://raw.githubusercontent.com/imperialite/Philippine-Languages-Online-Corpora/master/Tweets/Annotated%20Yolanda/train/-1.txt,0
Sana okay lng cya,negative,moderate,sentiment,train,SEACrowd/typhoon_yolanda_tweets,2013_typhoon_yolanda,fil,yolanda-train--1-157,-1,https://raw.githubusercontent.com/imperialite/Philippine-Languages-Online-Corpora/master/Tweets/Annotated%20Yolanda/train/-1.txt,0
Trying to stop my tears from falling.. Whew.,negative,moderate,sentiment,train,SEACrowd/typhoon_yolanda_tweets,2013_typhoon_yolanda,fil,yolanda-train--1-158,-1,https://raw.githubusercontent.com/imperialite/Philippine-Languages-Online-Corpora/master/Tweets/Annotated%20Yolanda/train/-1.txt,0
Sana this timemaibigay ng tama yung bigay nKung mmagdodonate ng pera para sa mga nasalanta paano po ba?g ibang bansa sa mga taong nasalanta,negative,moderate,sentiment,train,SEACrowd/typhoon_yolanda_tweets,2013_typhoon_yolanda,fil,yolanda-train--1-159,-1,https://raw.githubusercontent.com/imperialite/Philippine-Languages-Online-Corpora/master/Tweets/Annotated%20Yolanda/train/-1.txt,0
Nakakaawa Yung Mga Taga Leyte Naiiyak Ako Kanina Pa,negative,moderate,sentiment,train,SEACrowd/typhoon_yolanda_tweets,2013_typhoon_yolanda,fil,yolanda-train--1-160,-1,https://raw.githubusercontent.com/imperialite/Philippine-Languages-Online-Corpora/master/Tweets/Annotated%20Yolanda/train/-1.txt,0
Nakaiyak talaga station i.d ng abs sa mga nasalanta,negative,moderate,sentiment,train,SEACrowd/typhoon_yolanda_tweets,2013_typhoon_yolanda,fil,yolanda-train--1-161,-1,https://raw.githubusercontent.com/imperialite/Philippine-Languages-Online-Corpora/master/Tweets/Annotated%20Yolanda/train/-1.txt,0
Iyak ako ng iyak sa bagong station ID ng abs-cbn. Grabe lang,negative,moderate,sentiment,train,SEACrowd/typhoon_yolanda_tweets,2013_typhoon_yolanda,fil,yolanda-train--1-162,-1,https://raw.githubusercontent.com/imperialite/Philippine-Languages-Online-Corpora/master/Tweets/Annotated%20Yolanda/train/-1.txt,0
"Watching kwento ng pasko"" yolanda version. Whew. My eyes are sweaty again!",negative,moderate,sentiment,train,SEACrowd/typhoon_yolanda_tweets,2013_typhoon_yolanda,fil,yolanda-train--1-163,-1,https://raw.githubusercontent.com/imperialite/Philippine-Languages-Online-Corpora/master/Tweets/Annotated%20Yolanda/train/-1.txt,0
Boholano still needs our help sa mga bahay na nagiba. Wla paring aabot ng tulong,negative,moderate,sentiment,train,SEACrowd/typhoon_yolanda_tweets,2013_typhoon_yolanda,fil,yolanda-train--1-164,-1,https://raw.githubusercontent.com/imperialite/Philippine-Languages-Online-Corpora/master/Tweets/Annotated%20Yolanda/train/-1.txt,0
Grabeee! 4011 na namamatay! May nawawala pa.,negative,moderate,sentiment,train,SEACrowd/typhoon_yolanda_tweets,2013_typhoon_yolanda,fil,yolanda-train--1-165,-1,https://raw.githubusercontent.com/imperialite/Philippine-Languages-Online-Corpora/master/Tweets/Annotated%20Yolanda/train/-1.txt,0
I'm tearing up omg,negative,moderate,sentiment,train,SEACrowd/typhoon_yolanda_tweets,2013_typhoon_yolanda,fil,yolanda-train--1-166,-1,https://raw.githubusercontent.com/imperialite/Philippine-Languages-Online-Corpora/master/Tweets/Annotated%20Yolanda/train/-1.txt,0
Yolanda Destroyer !! ^.^ Kinawawa mo kame !!,negative,moderate,sentiment,train,SEACrowd/typhoon_yolanda_tweets,2013_typhoon_yolanda,fil,yolanda-train--1-167,-1,https://raw.githubusercontent.com/imperialite/Philippine-Languages-Online-Corpora/master/Tweets/Annotated%20Yolanda/train/-1.txt,0
Kinilabutan ako kanina hbang bnabasa to,negative,moderate,sentiment,train,SEACrowd/typhoon_yolanda_tweets,2013_typhoon_yolanda,fil,yolanda-train--1-168,-1,https://raw.githubusercontent.com/imperialite/Philippine-Languages-Online-Corpora/master/Tweets/Annotated%20Yolanda/train/-1.txt,0
Ang dami donationssana makarating talaga sa lubos na nangangailangan at hindi sa bulsa ng mga gahaman,negative,moderate,sentiment,train,SEACrowd/typhoon_yolanda_tweets,2013_typhoon_yolanda,fil,yolanda-train--1-169,-1,https://raw.githubusercontent.com/imperialite/Philippine-Languages-Online-Corpora/master/Tweets/Annotated%20Yolanda/train/-1.txt,0
Ormoc needs help too,negative,moderate,sentiment,train,SEACrowd/typhoon_yolanda_tweets,2013_typhoon_yolanda,fil,yolanda-train--1-170,-1,https://raw.githubusercontent.com/imperialite/Philippine-Languages-Online-Corpora/master/Tweets/Annotated%20Yolanda/train/-1.txt,0
"The aftermath of super typhoon Yolanda"" is seen on every Filipino face who is badly devastated by such. Prayers for everyone",negative,moderate,sentiment,train,SEACrowd/typhoon_yolanda_tweets,2013_typhoon_yolanda,fil,yolanda-train--1-171,-1,https://raw.githubusercontent.com/imperialite/Philippine-Languages-Online-Corpora/master/Tweets/Annotated%20Yolanda/train/-1.txt,0
It's heartbreaking to see the destruction left by Yolanda. NEVER SAY NEVER Filipinos,negative,moderate,sentiment,train,SEACrowd/typhoon_yolanda_tweets,2013_typhoon_yolanda,fil,yolanda-train--1-172,-1,https://raw.githubusercontent.com/imperialite/Philippine-Languages-Online-Corpora/master/Tweets/Annotated%20Yolanda/train/-1.txt,0
Ayaw ko nang manood ng news bout sa Leyte. Nakakadurog ng puso,negative,moderate,sentiment,train,SEACrowd/typhoon_yolanda_tweets,2013_typhoon_yolanda,fil,yolanda-train--1-173,-1,https://raw.githubusercontent.com/imperialite/Philippine-Languages-Online-Corpora/master/Tweets/Annotated%20Yolanda/train/-1.txt,0
'Buhi Kami Tanan' a message that will surely be touching to see on one of the papers written by survivors of #YolandaPH,negative,moderate,sentiment,train,SEACrowd/typhoon_yolanda_tweets,2013_typhoon_yolanda,fil,yolanda-train--1-174,-1,https://raw.githubusercontent.com/imperialite/Philippine-Languages-Online-Corpora/master/Tweets/Annotated%20Yolanda/train/-1.txt,0
Kakaiyak nman tong #TVPatrol,negative,moderate,sentiment,train,SEACrowd/typhoon_yolanda_tweets,2013_typhoon_yolanda,fil,yolanda-train--1-175,-1,https://raw.githubusercontent.com/imperialite/Philippine-Languages-Online-Corpora/master/Tweets/Annotated%20Yolanda/train/-1.txt,0
A lot of you cared just not enough.,negative,moderate,sentiment,train,SEACrowd/typhoon_yolanda_tweets,2013_typhoon_yolanda,fil,yolanda-train--1-176,-1,https://raw.githubusercontent.com/imperialite/Philippine-Languages-Online-Corpora/master/Tweets/Annotated%20Yolanda/train/-1.txt,0
Can't take it anymore. Kaluloy gid ya mga gin interview namon gina. Karon lang ko padayon edit.,negative,moderate,sentiment,train,SEACrowd/typhoon_yolanda_tweets,2013_typhoon_yolanda,fil,yolanda-train--1-177,-1,https://raw.githubusercontent.com/imperialite/Philippine-Languages-Online-Corpora/master/Tweets/Annotated%20Yolanda/train/-1.txt,0
Some buildings weren't lucky enough to be left standing,negative,moderate,sentiment,train,SEACrowd/typhoon_yolanda_tweets,2013_typhoon_yolanda,fil,yolanda-train--1-178,-1,https://raw.githubusercontent.com/imperialite/Philippine-Languages-Online-Corpora/master/Tweets/Annotated%20Yolanda/train/-1.txt,0
Worrying about their lives shelter and most especially with their members of family who died and missing,negative,moderate,sentiment,train,SEACrowd/typhoon_yolanda_tweets,2013_typhoon_yolanda,fil,yolanda-train--1-179,-1,https://raw.githubusercontent.com/imperialite/Philippine-Languages-Online-Corpora/master/Tweets/Annotated%20Yolanda/train/-1.txt,0
This is very touching. Got teary eyed while watching this,negative,moderate,sentiment,train,SEACrowd/typhoon_yolanda_tweets,2013_typhoon_yolanda,fil,yolanda-train--1-180,-1,https://raw.githubusercontent.com/imperialite/Philippine-Languages-Online-Corpora/master/Tweets/Annotated%20Yolanda/train/-1.txt,0
I can't help but cry when i look at what happened here in the Philippines. when i see all the people. it just breaks,negative,moderate,sentiment,train,SEACrowd/typhoon_yolanda_tweets,2013_typhoon_yolanda,fil,yolanda-train--1-181,-1,https://raw.githubusercontent.com/imperialite/Philippine-Languages-Online-Corpora/master/Tweets/Annotated%20Yolanda/train/-1.txt,0
#YolandaPH ravaged Region 8 (Eastern Visayas) - restoration of electricity will take 3-6 months.,negative,moderate,sentiment,train,SEACrowd/typhoon_yolanda_tweets,2013_typhoon_yolanda,fil,yolanda-train--1-182,-1,https://raw.githubusercontent.com/imperialite/Philippine-Languages-Online-Corpora/master/Tweets/Annotated%20Yolanda/train/-1.txt,0
Wag naman po sana. Magugutom po ang mga kababayan natin.,negative,moderate,sentiment,train,SEACrowd/typhoon_yolanda_tweets,2013_typhoon_yolanda,fil,yolanda-train--1-183,-1,https://raw.githubusercontent.com/imperialite/Philippine-Languages-Online-Corpora/master/Tweets/Annotated%20Yolanda/train/-1.txt,0
At one point we cannot do all the work that the government is supposed to do,negative,moderate,sentiment,train,SEACrowd/typhoon_yolanda_tweets,2013_typhoon_yolanda,fil,yolanda-train--1-184,-1,https://raw.githubusercontent.com/imperialite/Philippine-Languages-Online-Corpora/master/Tweets/Annotated%20Yolanda/train/-1.txt,0
Another really heart breaking,negative,moderate,sentiment,train,SEACrowd/typhoon_yolanda_tweets,2013_typhoon_yolanda,fil,yolanda-train--1-185,-1,https://raw.githubusercontent.com/imperialite/Philippine-Languages-Online-Corpora/master/Tweets/Annotated%20Yolanda/train/-1.txt,0
Sosyal naman ang Globe. May 25 free texts. Bet ko to,negative,moderate,sentiment,train,SEACrowd/typhoon_yolanda_tweets,2013_typhoon_yolanda,fil,yolanda-train--1-186,-1,https://raw.githubusercontent.com/imperialite/Philippine-Languages-Online-Corpora/master/Tweets/Annotated%20Yolanda/train/-1.txt,0
kala ko kuryente lang ang nawala pati pala likers nawala na din. HAHA :D Moring sa tanan,negative,moderate,sentiment,train,SEACrowd/typhoon_yolanda_tweets,2013_typhoon_yolanda,fil,yolanda-train--1-187,-1,https://raw.githubusercontent.com/imperialite/Philippine-Languages-Online-Corpora/master/Tweets/Annotated%20Yolanda/train/-1.txt,0
To our beloved President Noynoy Aquino (P-Noy) People needs > good organization preparation and fast action.,negative,moderate,sentiment,train,SEACrowd/typhoon_yolanda_tweets,2013_typhoon_yolanda,fil,yolanda-train--1-188,-1,https://raw.githubusercontent.com/imperialite/Philippine-Languages-Online-Corpora/master/Tweets/Annotated%20Yolanda/train/-1.txt,0
blaming and negativity. The govt is doin d bst way they cn. we just didn't see it. let's just help each other!,negative,moderate,sentiment,train,SEACrowd/typhoon_yolanda_tweets,2013_typhoon_yolanda,fil,yolanda-train--1-189,-1,https://raw.githubusercontent.com/imperialite/Philippine-Languages-Online-Corpora/master/Tweets/Annotated%20Yolanda/train/-1.txt,0
Kalunos-lunos. A devastating photo depicting Tacloban city totally wrecked,negative,moderate,sentiment,train,SEACrowd/typhoon_yolanda_tweets,2013_typhoon_yolanda,fil,yolanda-train--1-190,-1,https://raw.githubusercontent.com/imperialite/Philippine-Languages-Online-Corpora/master/Tweets/Annotated%20Yolanda/train/-1.txt,0
sana magka himala at makita na ng mga pilipino ang klase ng tao na binoboto nila,negative,moderate,sentiment,train,SEACrowd/typhoon_yolanda_tweets,2013_typhoon_yolanda,fil,yolanda-train--1-191,-1,https://raw.githubusercontent.com/imperialite/Philippine-Languages-Online-Corpora/master/Tweets/Annotated%20Yolanda/train/-1.txt,0
Nakakalungkot ng sobra ang documentary ni Mr. Atom Araullo,negative,moderate,sentiment,train,SEACrowd/typhoon_yolanda_tweets,2013_typhoon_yolanda,fil,yolanda-train--1-192,-1,https://raw.githubusercontent.com/imperialite/Philippine-Languages-Online-Corpora/master/Tweets/Annotated%20Yolanda/train/-1.txt,0
amgalano : Nakakaiyak,negative,moderate,sentiment,train,SEACrowd/typhoon_yolanda_tweets,2013_typhoon_yolanda,fil,yolanda-train--1-193,-1,https://raw.githubusercontent.com/imperialite/Philippine-Languages-Online-Corpora/master/Tweets/Annotated%20Yolanda/train/-1.txt,0
"It felt like I got my house back."" - Tacloban typhoon victim after @MannyPacquiao dominated Rios in Macau",negative,moderate,sentiment,train,SEACrowd/typhoon_yolanda_tweets,2013_typhoon_yolanda,fil,yolanda-train--1-194,-1,https://raw.githubusercontent.com/imperialite/Philippine-Languages-Online-Corpora/master/Tweets/Annotated%20Yolanda/train/-1.txt,0
"masuwerte ka kasi wala ka dun"" first time to be a volunteer",neutral,low,sentiment,train,SEACrowd/typhoon_yolanda_tweets,2013_typhoon_yolanda,fil,yolanda-train-0-1,0,https://raw.githubusercontent.com/imperialite/Philippine-Languages-Online-Corpora/master/Tweets/Annotated%20Yolanda/train/0.txt,1
Photo: For the of the motherland.,neutral,low,sentiment,train,SEACrowd/typhoon_yolanda_tweets,2013_typhoon_yolanda,fil,yolanda-train-0-2,0,https://raw.githubusercontent.com/imperialite/Philippine-Languages-Online-Corpora/master/Tweets/Annotated%20Yolanda/train/0.txt,1
Before we start blaming others. Ask have you done your part?,neutral,low,sentiment,train,SEACrowd/typhoon_yolanda_tweets,2013_typhoon_yolanda,fil,yolanda-train-0-3,0,https://raw.githubusercontent.com/imperialite/Philippine-Languages-Online-Corpora/master/Tweets/Annotated%20Yolanda/train/0.txt,1
If you want to start helping the Yolanda survivors check out #BangonPH for details.,neutral,low,sentiment,train,SEACrowd/typhoon_yolanda_tweets,2013_typhoon_yolanda,fil,yolanda-train-0-4,0,https://raw.githubusercontent.com/imperialite/Philippine-Languages-Online-Corpora/master/Tweets/Annotated%20Yolanda/train/0.txt,1
At Mercato BGC for the Azkals Donation Drive,neutral,low,sentiment,train,SEACrowd/typhoon_yolanda_tweets,2013_typhoon_yolanda,fil,yolanda-train-0-5,0,https://raw.githubusercontent.com/imperialite/Philippine-Languages-Online-Corpora/master/Tweets/Annotated%20Yolanda/train/0.txt,1
$24000 from @paugasol,neutral,low,sentiment,train,SEACrowd/typhoon_yolanda_tweets,2013_typhoon_yolanda,fil,yolanda-train-0-6,0,https://raw.githubusercontent.com/imperialite/Philippine-Languages-Online-Corpora/master/Tweets/Annotated%20Yolanda/train/0.txt,1
Foot Prints in the Wet Sand,neutral,low,sentiment,train,SEACrowd/typhoon_yolanda_tweets,2013_typhoon_yolanda,fil,yolanda-train-0-7,0,https://raw.githubusercontent.com/imperialite/Philippine-Languages-Online-Corpora/master/Tweets/Annotated%20Yolanda/train/0.txt,1
will stay awake.. just had my suuuper late dinner. doh~ as if there's new to it. watching Tulong NaTabang Na Tayo Na,neutral,low,sentiment,train,SEACrowd/typhoon_yolanda_tweets,2013_typhoon_yolanda,fil,yolanda-train-0-8,0,https://raw.githubusercontent.com/imperialite/Philippine-Languages-Online-Corpora/master/Tweets/Annotated%20Yolanda/train/0.txt,1
They have planes that can drop gods. All they need are goods,neutral,low,sentiment,train,SEACrowd/typhoon_yolanda_tweets,2013_typhoon_yolanda,fil,yolanda-train-0-9,0,https://raw.githubusercontent.com/imperialite/Philippine-Languages-Online-Corpora/master/Tweets/Annotated%20Yolanda/train/0.txt,1
Justin Bieber landed via Wil Plane. Wew,neutral,low,sentiment,train,SEACrowd/typhoon_yolanda_tweets,2013_typhoon_yolanda,fil,yolanda-train-0-10,0,https://raw.githubusercontent.com/imperialite/Philippine-Languages-Online-Corpora/master/Tweets/Annotated%20Yolanda/train/0.txt,1
It's Friday it's relief packing day,neutral,low,sentiment,train,SEACrowd/typhoon_yolanda_tweets,2013_typhoon_yolanda,fil,yolanda-train-0-11,0,https://raw.githubusercontent.com/imperialite/Philippine-Languages-Online-Corpora/master/Tweets/Annotated%20Yolanda/train/0.txt,1
Survivors ng Yolanda patuloy na nagdadatingan sa Villamor Airbase (NOV222013),neutral,low,sentiment,train,SEACrowd/typhoon_yolanda_tweets,2013_typhoon_yolanda,fil,yolanda-train-0-12,0,https://raw.githubusercontent.com/imperialite/Philippine-Languages-Online-Corpora/master/Tweets/Annotated%20Yolanda/train/0.txt,1
Busy day of orders for the #BANGONPILIPINAS cases.. For orders please viber or whatsaap 09177930934,neutral,low,sentiment,train,SEACrowd/typhoon_yolanda_tweets,2013_typhoon_yolanda,fil,yolanda-train-0-13,0,https://raw.githubusercontent.com/imperialite/Philippine-Languages-Online-Corpora/master/Tweets/Annotated%20Yolanda/train/0.txt,1
Donate and volunteer now,neutral,low,sentiment,train,SEACrowd/typhoon_yolanda_tweets,2013_typhoon_yolanda,fil,yolanda-train-0-14,0,https://raw.githubusercontent.com/imperialite/Philippine-Languages-Online-Corpora/master/Tweets/Annotated%20Yolanda/train/0.txt,1
Watched Champions for a Cause for Yolanda Victims DLSU vs. SBC,neutral,low,sentiment,train,SEACrowd/typhoon_yolanda_tweets,2013_typhoon_yolanda,fil,yolanda-train-0-15,0,https://raw.githubusercontent.com/imperialite/Philippine-Languages-Online-Corpora/master/Tweets/Annotated%20Yolanda/train/0.txt,1
run for yolanda victims!,neutral,low,sentiment,train,SEACrowd/typhoon_yolanda_tweets,2013_typhoon_yolanda,fil,yolanda-train-0-16,0,https://raw.githubusercontent.com/imperialite/Philippine-Languages-Online-Corpora/master/Tweets/Annotated%20Yolanda/train/0.txt,1
Still have many to pack. Continues help. KFBC church h.k,neutral,low,sentiment,train,SEACrowd/typhoon_yolanda_tweets,2013_typhoon_yolanda,fil,yolanda-train-0-17,0,https://raw.githubusercontent.com/imperialite/Philippine-Languages-Online-Corpora/master/Tweets/Annotated%20Yolanda/train/0.txt,1
Watching Documentary of Mr. Atom Araullo,neutral,low,sentiment,train,SEACrowd/typhoon_yolanda_tweets,2013_typhoon_yolanda,fil,yolanda-train-0-18,0,https://raw.githubusercontent.com/imperialite/Philippine-Languages-Online-Corpora/master/Tweets/Annotated%20Yolanda/train/0.txt,1
hanging posters around Paris today for 500 for philippines event,neutral,low,sentiment,train,SEACrowd/typhoon_yolanda_tweets,2013_typhoon_yolanda,fil,yolanda-train-0-19,0,https://raw.githubusercontent.com/imperialite/Philippine-Languages-Online-Corpora/master/Tweets/Annotated%20Yolanda/train/0.txt,1
Alright this is it,neutral,low,sentiment,train,SEACrowd/typhoon_yolanda_tweets,2013_typhoon_yolanda,fil,yolanda-train-0-20,0,https://raw.githubusercontent.com/imperialite/Philippine-Languages-Online-Corpora/master/Tweets/Annotated%20Yolanda/train/0.txt,1
Today marks 2 months since Typhoon Haiyan battered the Philippines!,neutral,low,sentiment,train,SEACrowd/typhoon_yolanda_tweets,2013_typhoon_yolanda,fil,yolanda-train-0-21,0,https://raw.githubusercontent.com/imperialite/Philippine-Languages-Online-Corpora/master/Tweets/Annotated%20Yolanda/train/0.txt,1
This is how our school and students contribute in helping the yolanda victims,neutral,low,sentiment,train,SEACrowd/typhoon_yolanda_tweets,2013_typhoon_yolanda,fil,yolanda-train-0-22,0,https://raw.githubusercontent.com/imperialite/Philippine-Languages-Online-Corpora/master/Tweets/Annotated%20Yolanda/train/0.txt,1
packing relief goods for Yolanda Victims,neutral,low,sentiment,train,SEACrowd/typhoon_yolanda_tweets,2013_typhoon_yolanda,fil,yolanda-train-0-23,0,https://raw.githubusercontent.com/imperialite/Philippine-Languages-Online-Corpora/master/Tweets/Annotated%20Yolanda/train/0.txt,1
Simple words with Strong message,neutral,low,sentiment,train,SEACrowd/typhoon_yolanda_tweets,2013_typhoon_yolanda,fil,yolanda-train-0-24,0,https://raw.githubusercontent.com/imperialite/Philippine-Languages-Online-Corpora/master/Tweets/Annotated%20Yolanda/train/0.txt,1
helping out with typoon yolanda's survivor,neutral,low,sentiment,train,SEACrowd/typhoon_yolanda_tweets,2013_typhoon_yolanda,fil,yolanda-train-0-25,0,https://raw.githubusercontent.com/imperialite/Philippine-Languages-Online-Corpora/master/Tweets/Annotated%20Yolanda/train/0.txt,1
A call to arms,neutral,low,sentiment,train,SEACrowd/typhoon_yolanda_tweets,2013_typhoon_yolanda,fil,yolanda-train-0-26,0,https://raw.githubusercontent.com/imperialite/Philippine-Languages-Online-Corpora/master/Tweets/Annotated%20Yolanda/train/0.txt,1
Para sa mga nasalanta.,neutral,low,sentiment,train,SEACrowd/typhoon_yolanda_tweets,2013_typhoon_yolanda,fil,yolanda-train-0-27,0,https://raw.githubusercontent.com/imperialite/Philippine-Languages-Online-Corpora/master/Tweets/Annotated%20Yolanda/train/0.txt,1
Please cooperate for the benefit of Typhoon Yolanda victims. Donate now! You may also call 7339117 loc 134 for more info,neutral,low,sentiment,train,SEACrowd/typhoon_yolanda_tweets,2013_typhoon_yolanda,fil,yolanda-train-0-28,0,https://raw.githubusercontent.com/imperialite/Philippine-Languages-Online-Corpora/master/Tweets/Annotated%20Yolanda/train/0.txt,1
Friday is #TulongPH shirt day.,neutral,low,sentiment,train,SEACrowd/typhoon_yolanda_tweets,2013_typhoon_yolanda,fil,yolanda-train-0-29,0,https://raw.githubusercontent.com/imperialite/Philippine-Languages-Online-Corpora/master/Tweets/Annotated%20Yolanda/train/0.txt,1
@reypadupad true! I've been thinking what if we went to Tacloban too. Awww.,neutral,low,sentiment,train,SEACrowd/typhoon_yolanda_tweets,2013_typhoon_yolanda,fil,yolanda-train-0-30,0,https://raw.githubusercontent.com/imperialite/Philippine-Languages-Online-Corpora/master/Tweets/Annotated%20Yolanda/train/0.txt,1
With @andimanzano #MissionVisayas mini concert here at @BoniHighStreet,neutral,low,sentiment,train,SEACrowd/typhoon_yolanda_tweets,2013_typhoon_yolanda,fil,yolanda-train-0-31,0,https://raw.githubusercontent.com/imperialite/Philippine-Languages-Online-Corpora/master/Tweets/Annotated%20Yolanda/train/0.txt,1
Video on kids getting back to school after Typhoon Haiyan/Yolanda,neutral,low,sentiment,train,SEACrowd/typhoon_yolanda_tweets,2013_typhoon_yolanda,fil,yolanda-train-0-32,0,https://raw.githubusercontent.com/imperialite/Philippine-Languages-Online-Corpora/master/Tweets/Annotated%20Yolanda/train/0.txt,1
Shirt for a cause,neutral,low,sentiment,train,SEACrowd/typhoon_yolanda_tweets,2013_typhoon_yolanda,fil,yolanda-train-0-33,0,https://raw.githubusercontent.com/imperialite/Philippine-Languages-Online-Corpora/master/Tweets/Annotated%20Yolanda/train/0.txt,1
Kung mmagdodonate ng pera para sa mga nasalanta paano po ba?,neutral,low,sentiment,train,SEACrowd/typhoon_yolanda_tweets,2013_typhoon_yolanda,fil,yolanda-train-0-34,0,https://raw.githubusercontent.com/imperialite/Philippine-Languages-Online-Corpora/master/Tweets/Annotated%20Yolanda/train/0.txt,1
@ABSCBNNews : More businesses reopen in Tacloban,neutral,low,sentiment,train,SEACrowd/typhoon_yolanda_tweets,2013_typhoon_yolanda,fil,yolanda-train-0-35,0,https://raw.githubusercontent.com/imperialite/Philippine-Languages-Online-Corpora/master/Tweets/Annotated%20Yolanda/train/0.txt,1
Got one this morning at Market Market,neutral,low,sentiment,train,SEACrowd/typhoon_yolanda_tweets,2013_typhoon_yolanda,fil,yolanda-train-0-36,0,https://raw.githubusercontent.com/imperialite/Philippine-Languages-Online-Corpora/master/Tweets/Annotated%20Yolanda/train/0.txt,1
Candles aflamed for the #Yolanda victims at Baclaran Church,neutral,low,sentiment,train,SEACrowd/typhoon_yolanda_tweets,2013_typhoon_yolanda,fil,yolanda-train-0-37,0,https://raw.githubusercontent.com/imperialite/Philippine-Languages-Online-Corpora/master/Tweets/Annotated%20Yolanda/train/0.txt,1
Watch Michael relate his faith experience during & after the onslaught of Typhoon Haiyan/Yolanda.,neutral,low,sentiment,train,SEACrowd/typhoon_yolanda_tweets,2013_typhoon_yolanda,fil,yolanda-train-0-38,0,https://raw.githubusercontent.com/imperialite/Philippine-Languages-Online-Corpora/master/Tweets/Annotated%20Yolanda/train/0.txt,1
Victims of st yolanda is in need of medicines. Such as amoxicillin and paracetamol.,neutral,low,sentiment,train,SEACrowd/typhoon_yolanda_tweets,2013_typhoon_yolanda,fil,yolanda-train-0-39,0,https://raw.githubusercontent.com/imperialite/Philippine-Languages-Online-Corpora/master/Tweets/Annotated%20Yolanda/train/0.txt,1
NINJA + SPECTRUM + RHIPSTOP fam. Be advised. We're going on a mission,neutral,low,sentiment,train,SEACrowd/typhoon_yolanda_tweets,2013_typhoon_yolanda,fil,yolanda-train-0-40,0,https://raw.githubusercontent.com/imperialite/Philippine-Languages-Online-Corpora/master/Tweets/Annotated%20Yolanda/train/0.txt,1
There comes a time when we heard a certain call.,neutral,low,sentiment,train,SEACrowd/typhoon_yolanda_tweets,2013_typhoon_yolanda,fil,yolanda-train-0-41,0,https://raw.githubusercontent.com/imperialite/Philippine-Languages-Online-Corpora/master/Tweets/Annotated%20Yolanda/train/0.txt,1
Morning Coffee in aid of the victims of Typhoon Haiyan will be on Tue 19th November at 10:30am at St.Josephs Foundation canteen,neutral,low,sentiment,train,SEACrowd/typhoon_yolanda_tweets,2013_typhoon_yolanda,fil,yolanda-train-0-42,0,https://raw.githubusercontent.com/imperialite/Philippine-Languages-Online-Corpora/master/Tweets/Annotated%20Yolanda/train/0.txt,1
Now where can I volunteer this weekend?,neutral,low,sentiment,train,SEACrowd/typhoon_yolanda_tweets,2013_typhoon_yolanda,fil,yolanda-train-0-43,0,https://raw.githubusercontent.com/imperialite/Philippine-Languages-Online-Corpora/master/Tweets/Annotated%20Yolanda/train/0.txt,1
How long will I love you?,neutral,low,sentiment,train,SEACrowd/typhoon_yolanda_tweets,2013_typhoon_yolanda,fil,yolanda-train-0-44,0,https://raw.githubusercontent.com/imperialite/Philippine-Languages-Online-Corpora/master/Tweets/Annotated%20Yolanda/train/0.txt,1
To everyone who is actively participating in packing/donating relief goods please do note the ff,neutral,low,sentiment,train,SEACrowd/typhoon_yolanda_tweets,2013_typhoon_yolanda,fil,yolanda-train-0-45,0,https://raw.githubusercontent.com/imperialite/Philippine-Languages-Online-Corpora/master/Tweets/Annotated%20Yolanda/train/0.txt,1
Relief goods for the typhoon victims,neutral,low,sentiment,train,SEACrowd/typhoon_yolanda_tweets,2013_typhoon_yolanda,fil,yolanda-train-0-46,0,https://raw.githubusercontent.com/imperialite/Philippine-Languages-Online-Corpora/master/Tweets/Annotated%20Yolanda/train/0.txt,1
Wear your tragedies as armor not shackles,neutral,low,sentiment,train,SEACrowd/typhoon_yolanda_tweets,2013_typhoon_yolanda,fil,yolanda-train-0-47,0,https://raw.githubusercontent.com/imperialite/Philippine-Languages-Online-Corpora/master/Tweets/Annotated%20Yolanda/train/0.txt,1
a truckload of goods for one of samar municipalities.,neutral,low,sentiment,train,SEACrowd/typhoon_yolanda_tweets,2013_typhoon_yolanda,fil,yolanda-train-0-48,0,https://raw.githubusercontent.com/imperialite/Philippine-Languages-Online-Corpora/master/Tweets/Annotated%20Yolanda/train/0.txt,1
Awaiting departure instructions for Tacloban City deployment,neutral,low,sentiment,train,SEACrowd/typhoon_yolanda_tweets,2013_typhoon_yolanda,fil,yolanda-train-0-49,0,https://raw.githubusercontent.com/imperialite/Philippine-Languages-Online-Corpora/master/Tweets/Annotated%20Yolanda/train/0.txt,1
Sana sa muli kong pagbalik nakabangon na ang Leyte,neutral,low,sentiment,train,SEACrowd/typhoon_yolanda_tweets,2013_typhoon_yolanda,fil,yolanda-train-0-50,0,https://raw.githubusercontent.com/imperialite/Philippine-Languages-Online-Corpora/master/Tweets/Annotated%20Yolanda/train/0.txt,1
Patuloy pa din ang aming kampanyang 'TOY for JUAN' Isang laruan ngiti ng kabataan.,neutral,low,sentiment,train,SEACrowd/typhoon_yolanda_tweets,2013_typhoon_yolanda,fil,yolanda-train-0-51,0,https://raw.githubusercontent.com/imperialite/Philippine-Languages-Online-Corpora/master/Tweets/Annotated%20Yolanda/train/0.txt,1
Mindset for my 2nd tour in tacloban for meducal mission,neutral,low,sentiment,train,SEACrowd/typhoon_yolanda_tweets,2013_typhoon_yolanda,fil,yolanda-train-0-52,0,https://raw.githubusercontent.com/imperialite/Philippine-Languages-Online-Corpora/master/Tweets/Annotated%20Yolanda/train/0.txt,1
Alicia Keys visited those people in Villamor Air base,neutral,low,sentiment,train,SEACrowd/typhoon_yolanda_tweets,2013_typhoon_yolanda,fil,yolanda-train-0-53,0,https://raw.githubusercontent.com/imperialite/Philippine-Languages-Online-Corpora/master/Tweets/Annotated%20Yolanda/train/0.txt,1
My desk! Getting ready for Cebu tomorrow!,neutral,low,sentiment,train,SEACrowd/typhoon_yolanda_tweets,2013_typhoon_yolanda,fil,yolanda-train-0-54,0,https://raw.githubusercontent.com/imperialite/Philippine-Languages-Online-Corpora/master/Tweets/Annotated%20Yolanda/train/0.txt,1
we're gathering as much data that we need for Western Samar. If you have photos please upload and hashtag,neutral,low,sentiment,train,SEACrowd/typhoon_yolanda_tweets,2013_typhoon_yolanda,fil,yolanda-train-0-55,0,https://raw.githubusercontent.com/imperialite/Philippine-Languages-Online-Corpora/master/Tweets/Annotated%20Yolanda/train/0.txt,1
Off to duty at Villamor Air Base,neutral,low,sentiment,train,SEACrowd/typhoon_yolanda_tweets,2013_typhoon_yolanda,fil,yolanda-train-0-56,0,https://raw.githubusercontent.com/imperialite/Philippine-Languages-Online-Corpora/master/Tweets/Annotated%20Yolanda/train/0.txt,1
Awaiting for more donations to repack. Everyone is welcome to help,neutral,low,sentiment,train,SEACrowd/typhoon_yolanda_tweets,2013_typhoon_yolanda,fil,yolanda-train-0-57,0,https://raw.githubusercontent.com/imperialite/Philippine-Languages-Online-Corpora/master/Tweets/Annotated%20Yolanda/train/0.txt,1
Get updates send news donations and any kind of assistance to the victims of Typhoon Yolanda,neutral,low,sentiment,train,SEACrowd/typhoon_yolanda_tweets,2013_typhoon_yolanda,fil,yolanda-train-0-58,0,https://raw.githubusercontent.com/imperialite/Philippine-Languages-Online-Corpora/master/Tweets/Annotated%20Yolanda/train/0.txt,1
Life always puts us in situations where we can either be bitter or better. What we become is our choice.,neutral,low,sentiment,train,SEACrowd/typhoon_yolanda_tweets,2013_typhoon_yolanda,fil,yolanda-train-0-59,0,https://raw.githubusercontent.com/imperialite/Philippine-Languages-Online-Corpora/master/Tweets/Annotated%20Yolanda/train/0.txt,1
Learn about creative + tech ways to help w/ Typhoon #Haiyan relief,neutral,low,sentiment,train,SEACrowd/typhoon_yolanda_tweets,2013_typhoon_yolanda,fil,yolanda-train-0-60,0,https://raw.githubusercontent.com/imperialite/Philippine-Languages-Online-Corpora/master/Tweets/Annotated%20Yolanda/train/0.txt,1
103.7 Radyo Natin FM-SCC Operation Tulong BANGON PILIPINAS,neutral,low,sentiment,train,SEACrowd/typhoon_yolanda_tweets,2013_typhoon_yolanda,fil,yolanda-train-0-61,0,https://raw.githubusercontent.com/imperialite/Philippine-Languages-Online-Corpora/master/Tweets/Annotated%20Yolanda/train/0.txt,1
Philippines Death Toll Hits 5000,neutral,low,sentiment,train,SEACrowd/typhoon_yolanda_tweets,2013_typhoon_yolanda,fil,yolanda-train-0-62,0,https://raw.githubusercontent.com/imperialite/Philippine-Languages-Online-Corpora/master/Tweets/Annotated%20Yolanda/train/0.txt,1
province of isabela sent nurses to tacloban to help the local health authorities,neutral,low,sentiment,train,SEACrowd/typhoon_yolanda_tweets,2013_typhoon_yolanda,fil,yolanda-train-0-63,0,https://raw.githubusercontent.com/imperialite/Philippine-Languages-Online-Corpora/master/Tweets/Annotated%20Yolanda/train/0.txt,1
Muka bang pinaparusan ang pilipinas?,neutral,low,sentiment,train,SEACrowd/typhoon_yolanda_tweets,2013_typhoon_yolanda,fil,yolanda-train-0-64,0,https://raw.githubusercontent.com/imperialite/Philippine-Languages-Online-Corpora/master/Tweets/Annotated%20Yolanda/train/0.txt,1
Classes has started again in tacloban Leyte|via Abs-Cbn News,neutral,low,sentiment,train,SEACrowd/typhoon_yolanda_tweets,2013_typhoon_yolanda,fil,yolanda-train-0-65,0,https://raw.githubusercontent.com/imperialite/Philippine-Languages-Online-Corpora/master/Tweets/Annotated%20Yolanda/train/0.txt,1
3 Stars and a Sun.,neutral,low,sentiment,train,SEACrowd/typhoon_yolanda_tweets,2013_typhoon_yolanda,fil,yolanda-train-0-66,0,https://raw.githubusercontent.com/imperialite/Philippine-Languages-Online-Corpora/master/Tweets/Annotated%20Yolanda/train/0.txt,1
Para sa mahal naming bansa,neutral,low,sentiment,train,SEACrowd/typhoon_yolanda_tweets,2013_typhoon_yolanda,fil,yolanda-train-0-67,0,https://raw.githubusercontent.com/imperialite/Philippine-Languages-Online-Corpora/master/Tweets/Annotated%20Yolanda/train/0.txt,1
Oplan Sundo ng DSWD balik na uli sa Villamor Airbase (NOV222013),neutral,low,sentiment,train,SEACrowd/typhoon_yolanda_tweets,2013_typhoon_yolanda,fil,yolanda-train-0-68,0,https://raw.githubusercontent.com/imperialite/Philippine-Languages-Online-Corpora/master/Tweets/Annotated%20Yolanda/train/0.txt,1
NatGeo lensman documents hope in Tacloban,neutral,low,sentiment,train,SEACrowd/typhoon_yolanda_tweets,2013_typhoon_yolanda,fil,yolanda-train-0-69,0,https://raw.githubusercontent.com/imperialite/Philippine-Languages-Online-Corpora/master/Tweets/Annotated%20Yolanda/train/0.txt,1
Inspiring words written on water bottles for the typhoon victims,neutral,low,sentiment,train,SEACrowd/typhoon_yolanda_tweets,2013_typhoon_yolanda,fil,yolanda-train-0-70,0,https://raw.githubusercontent.com/imperialite/Philippine-Languages-Online-Corpora/master/Tweets/Annotated%20Yolanda/train/0.txt,1
After the repacking of relief goods.,neutral,low,sentiment,train,SEACrowd/typhoon_yolanda_tweets,2013_typhoon_yolanda,fil,yolanda-train-0-71,0,https://raw.githubusercontent.com/imperialite/Philippine-Languages-Online-Corpora/master/Tweets/Annotated%20Yolanda/train/0.txt,1
For the victims of Yolanda,neutral,low,sentiment,train,SEACrowd/typhoon_yolanda_tweets,2013_typhoon_yolanda,fil,yolanda-train-0-72,0,https://raw.githubusercontent.com/imperialite/Philippine-Languages-Online-Corpora/master/Tweets/Annotated%20Yolanda/train/0.txt,1
Kendra: Ma tungkol na sa pagbangon sa nasalanta sa bagyo?,neutral,low,sentiment,train,SEACrowd/typhoon_yolanda_tweets,2013_typhoon_yolanda,fil,yolanda-train-0-73,0,https://raw.githubusercontent.com/imperialite/Philippine-Languages-Online-Corpora/master/Tweets/Annotated%20Yolanda/train/0.txt,1
Here comes the sun,neutral,low,sentiment,train,SEACrowd/typhoon_yolanda_tweets,2013_typhoon_yolanda,fil,yolanda-train-0-74,0,https://raw.githubusercontent.com/imperialite/Philippine-Languages-Online-Corpora/master/Tweets/Annotated%20Yolanda/train/0.txt,1
Convenient way to coordinate relief efforts,neutral,low,sentiment,train,SEACrowd/typhoon_yolanda_tweets,2013_typhoon_yolanda,fil,yolanda-train-0-75,0,https://raw.githubusercontent.com/imperialite/Philippine-Languages-Online-Corpora/master/Tweets/Annotated%20Yolanda/train/0.txt,1
Gusto ko nung tshirt na Tulong Na Tabang Na Tayo Na. Saan po ba pwede makabili nun??,neutral,low,sentiment,train,SEACrowd/typhoon_yolanda_tweets,2013_typhoon_yolanda,fil,yolanda-train-0-76,0,https://raw.githubusercontent.com/imperialite/Philippine-Languages-Online-Corpora/master/Tweets/Annotated%20Yolanda/train/0.txt,1
If you're looking for your loved ones or identified survivors use the google person finder,neutral,low,sentiment,train,SEACrowd/typhoon_yolanda_tweets,2013_typhoon_yolanda,fil,yolanda-train-0-77,0,https://raw.githubusercontent.com/imperialite/Philippine-Languages-Online-Corpora/master/Tweets/Annotated%20Yolanda/train/0.txt,1
This post is applicable both literally & figuratively,neutral,low,sentiment,train,SEACrowd/typhoon_yolanda_tweets,2013_typhoon_yolanda,fil,yolanda-train-0-78,0,https://raw.githubusercontent.com/imperialite/Philippine-Languages-Online-Corpora/master/Tweets/Annotated%20Yolanda/train/0.txt,1
Donate via Philippine Red Cross!,neutral,low,sentiment,train,SEACrowd/typhoon_yolanda_tweets,2013_typhoon_yolanda,fil,yolanda-train-0-79,0,https://raw.githubusercontent.com/imperialite/Philippine-Languages-Online-Corpora/master/Tweets/Annotated%20Yolanda/train/0.txt,1
Justin Bieber gives back to people of Tacloban,neutral,low,sentiment,train,SEACrowd/typhoon_yolanda_tweets,2013_typhoon_yolanda,fil,yolanda-train-0-80,0,https://raw.githubusercontent.com/imperialite/Philippine-Languages-Online-Corpora/master/Tweets/Annotated%20Yolanda/train/0.txt,1
Help Yolanda Victims Video,neutral,low,sentiment,train,SEACrowd/typhoon_yolanda_tweets,2013_typhoon_yolanda,fil,yolanda-train-0-81,0,https://raw.githubusercontent.com/imperialite/Philippine-Languages-Online-Corpora/master/Tweets/Annotated%20Yolanda/train/0.txt,1
From the Philippines,neutral,low,sentiment,train,SEACrowd/typhoon_yolanda_tweets,2013_typhoon_yolanda,fil,yolanda-train-0-82,0,https://raw.githubusercontent.com/imperialite/Philippine-Languages-Online-Corpora/master/Tweets/Annotated%20Yolanda/train/0.txt,1
Rehabilitation plans sa Panay pinag-usapan na ng mga ahensya ng pamahalaan (NOV222013),neutral,low,sentiment,train,SEACrowd/typhoon_yolanda_tweets,2013_typhoon_yolanda,fil,yolanda-train-0-83,0,https://raw.githubusercontent.com/imperialite/Philippine-Languages-Online-Corpora/master/Tweets/Annotated%20Yolanda/train/0.txt,1
If you only knew!,neutral,low,sentiment,train,SEACrowd/typhoon_yolanda_tweets,2013_typhoon_yolanda,fil,yolanda-train-0-84,0,https://raw.githubusercontent.com/imperialite/Philippine-Languages-Online-Corpora/master/Tweets/Annotated%20Yolanda/train/0.txt,1
We're done cooking for tomorrow's #fund #raising,neutral,low,sentiment,train,SEACrowd/typhoon_yolanda_tweets,2013_typhoon_yolanda,fil,yolanda-train-0-85,0,https://raw.githubusercontent.com/imperialite/Philippine-Languages-Online-Corpora/master/Tweets/Annotated%20Yolanda/train/0.txt,1
The Leaning House of Medellin,neutral,low,sentiment,train,SEACrowd/typhoon_yolanda_tweets,2013_typhoon_yolanda,fil,yolanda-train-0-86,0,https://raw.githubusercontent.com/imperialite/Philippine-Languages-Online-Corpora/master/Tweets/Annotated%20Yolanda/train/0.txt,1
Time flies so fast. #Haiyan is already a month old!,neutral,low,sentiment,train,SEACrowd/typhoon_yolanda_tweets,2013_typhoon_yolanda,fil,yolanda-train-0-87,0,https://raw.githubusercontent.com/imperialite/Philippine-Languages-Online-Corpora/master/Tweets/Annotated%20Yolanda/train/0.txt,1
Magdadala ako ng donations sa school bukas.,neutral,low,sentiment,train,SEACrowd/typhoon_yolanda_tweets,2013_typhoon_yolanda,fil,yolanda-train-0-88,0,https://raw.githubusercontent.com/imperialite/Philippine-Languages-Online-Corpora/master/Tweets/Annotated%20Yolanda/train/0.txt,1
"Roofless homeless but not hopeless"" written in the entrance of a damaged house in Tacloban",neutral,low,sentiment,train,SEACrowd/typhoon_yolanda_tweets,2013_typhoon_yolanda,fil,yolanda-train-0-89,0,https://raw.githubusercontent.com/imperialite/Philippine-Languages-Online-Corpora/master/Tweets/Annotated%20Yolanda/train/0.txt,1
Local volunteers in or around Ormoc to help Canadian team landing,neutral,low,sentiment,train,SEACrowd/typhoon_yolanda_tweets,2013_typhoon_yolanda,fil,yolanda-train-0-90,0,https://raw.githubusercontent.com/imperialite/Philippine-Languages-Online-Corpora/master/Tweets/Annotated%20Yolanda/train/0.txt,1
Got an awesome shirt here in Cebu,neutral,low,sentiment,train,SEACrowd/typhoon_yolanda_tweets,2013_typhoon_yolanda,fil,yolanda-train-0-91,0,https://raw.githubusercontent.com/imperialite/Philippine-Languages-Online-Corpora/master/Tweets/Annotated%20Yolanda/train/0.txt,1
Off to Tacloban on Wednesday.,neutral,low,sentiment,train,SEACrowd/typhoon_yolanda_tweets,2013_typhoon_yolanda,fil,yolanda-train-0-92,0,https://raw.githubusercontent.com/imperialite/Philippine-Languages-Online-Corpora/master/Tweets/Annotated%20Yolanda/train/0.txt,1
Filipinos To Become ‘Stronger’ After ‘Yolanda’ – US Exec (via Inquirer Mobile App),neutral,low,sentiment,train,SEACrowd/typhoon_yolanda_tweets,2013_typhoon_yolanda,fil,yolanda-train-0-93,0,https://raw.githubusercontent.com/imperialite/Philippine-Languages-Online-Corpora/master/Tweets/Annotated%20Yolanda/train/0.txt,1
#happeningnow : relief distribution in ormoc,neutral,low,sentiment,train,SEACrowd/typhoon_yolanda_tweets,2013_typhoon_yolanda,fil,yolanda-train-0-94,0,https://raw.githubusercontent.com/imperialite/Philippine-Languages-Online-Corpora/master/Tweets/Annotated%20Yolanda/train/0.txt,1
Soon Visayas will rise again despite of all the circumstances that they encounter,neutral,low,sentiment,train,SEACrowd/typhoon_yolanda_tweets,2013_typhoon_yolanda,fil,yolanda-train-0-95,0,https://raw.githubusercontent.com/imperialite/Philippine-Languages-Online-Corpora/master/Tweets/Annotated%20Yolanda/train/0.txt,1
Full recap of Typhoon Yolanda covered by Solar TV News.,neutral,low,sentiment,train,SEACrowd/typhoon_yolanda_tweets,2013_typhoon_yolanda,fil,yolanda-train-0-96,0,https://raw.githubusercontent.com/imperialite/Philippine-Languages-Online-Corpora/master/Tweets/Annotated%20Yolanda/train/0.txt,1
Mariah Carey ft WhitneyHouston When YouBelieve,neutral,low,sentiment,train,SEACrowd/typhoon_yolanda_tweets,2013_typhoon_yolanda,fil,yolanda-train-0-97,0,https://raw.githubusercontent.com/imperialite/Philippine-Languages-Online-Corpora/master/Tweets/Annotated%20Yolanda/train/0.txt,1
They still need your help!,neutral,low,sentiment,train,SEACrowd/typhoon_yolanda_tweets,2013_typhoon_yolanda,fil,yolanda-train-0-98,0,https://raw.githubusercontent.com/imperialite/Philippine-Languages-Online-Corpora/master/Tweets/Annotated%20Yolanda/train/0.txt,1
We need sympathy with arms and legs,neutral,low,sentiment,train,SEACrowd/typhoon_yolanda_tweets,2013_typhoon_yolanda,fil,yolanda-train-0-99,0,https://raw.githubusercontent.com/imperialite/Philippine-Languages-Online-Corpora/master/Tweets/Annotated%20Yolanda/train/0.txt,1
Voices for the Visayas!,neutral,low,sentiment,train,SEACrowd/typhoon_yolanda_tweets,2013_typhoon_yolanda,fil,yolanda-train-0-100,0,https://raw.githubusercontent.com/imperialite/Philippine-Languages-Online-Corpora/master/Tweets/Annotated%20Yolanda/train/0.txt,1
Please SUPPORT! Songs for the Philippines by Various Artists,neutral,low,sentiment,train,SEACrowd/typhoon_yolanda_tweets,2013_typhoon_yolanda,fil,yolanda-train-0-101,0,https://raw.githubusercontent.com/imperialite/Philippine-Languages-Online-Corpora/master/Tweets/Annotated%20Yolanda/train/0.txt,1
As we continue giving we also begin building. Help Tacloban rise from the ruins,neutral,low,sentiment,train,SEACrowd/typhoon_yolanda_tweets,2013_typhoon_yolanda,fil,yolanda-train-0-102,0,https://raw.githubusercontent.com/imperialite/Philippine-Languages-Online-Corpora/master/Tweets/Annotated%20Yolanda/train/0.txt,1
Typhoon Haiyan Situation Report No. 11 (as of 17 November 2013),neutral,low,sentiment,train,SEACrowd/typhoon_yolanda_tweets,2013_typhoon_yolanda,fil,yolanda-train-0-103,0,https://raw.githubusercontent.com/imperialite/Philippine-Languages-Online-Corpora/master/Tweets/Annotated%20Yolanda/train/0.txt,1
Photo: this is how the people of Tacloban,neutral,low,sentiment,train,SEACrowd/typhoon_yolanda_tweets,2013_typhoon_yolanda,fil,yolanda-train-0-104,0,https://raw.githubusercontent.com/imperialite/Philippine-Languages-Online-Corpora/master/Tweets/Annotated%20Yolanda/train/0.txt,1
Filipino para sa Filipino benefit show,neutral,low,sentiment,train,SEACrowd/typhoon_yolanda_tweets,2013_typhoon_yolanda,fil,yolanda-train-0-105,0,https://raw.githubusercontent.com/imperialite/Philippine-Languages-Online-Corpora/master/Tweets/Annotated%20Yolanda/train/0.txt,1
Back to normal cover photo bukas !!! Last na to,neutral,low,sentiment,train,SEACrowd/typhoon_yolanda_tweets,2013_typhoon_yolanda,fil,yolanda-train-0-106,0,https://raw.githubusercontent.com/imperialite/Philippine-Languages-Online-Corpora/master/Tweets/Annotated%20Yolanda/train/0.txt,1
Just bought two 'Tulong na. Tabang na. Tayo na. shirts,neutral,low,sentiment,train,SEACrowd/typhoon_yolanda_tweets,2013_typhoon_yolanda,fil,yolanda-train-0-107,0,https://raw.githubusercontent.com/imperialite/Philippine-Languages-Online-Corpora/master/Tweets/Annotated%20Yolanda/train/0.txt,1
Strongest Typhoon : YOLANDA Strongest Nation : PHILIPPINES Strongest People : FILIPINOS,neutral,low,sentiment,train,SEACrowd/typhoon_yolanda_tweets,2013_typhoon_yolanda,fil,yolanda-train-0-108,0,https://raw.githubusercontent.com/imperialite/Philippine-Languages-Online-Corpora/master/Tweets/Annotated%20Yolanda/train/0.txt,1
Who's doing relief efforts for Western Samar Northern Cebu Capiz Aklan Palawan?,neutral,low,sentiment,train,SEACrowd/typhoon_yolanda_tweets,2013_typhoon_yolanda,fil,yolanda-train-0-109,0,https://raw.githubusercontent.com/imperialite/Philippine-Languages-Online-Corpora/master/Tweets/Annotated%20Yolanda/train/0.txt,1
Marian Rivera at Tabogon Cebu,neutral,low,sentiment,train,SEACrowd/typhoon_yolanda_tweets,2013_typhoon_yolanda,fil,yolanda-train-0-110,0,https://raw.githubusercontent.com/imperialite/Philippine-Languages-Online-Corpora/master/Tweets/Annotated%20Yolanda/train/0.txt,1
ARCHIE COMICS sends their message to the Philippines and those who lost their lives in the storm,neutral,low,sentiment,train,SEACrowd/typhoon_yolanda_tweets,2013_typhoon_yolanda,fil,yolanda-train-0-111,0,https://raw.githubusercontent.com/imperialite/Philippine-Languages-Online-Corpora/master/Tweets/Annotated%20Yolanda/train/0.txt,1
my heart is bleeding for them Im happy to help them in everything I can do.,neutral,low,sentiment,train,SEACrowd/typhoon_yolanda_tweets,2013_typhoon_yolanda,fil,yolanda-train-0-112,0,https://raw.githubusercontent.com/imperialite/Philippine-Languages-Online-Corpora/master/Tweets/Annotated%20Yolanda/train/0.txt,1
God is not the cause of the suffering. God cannot prevent this. This is the work of nature.,neutral,low,sentiment,train,SEACrowd/typhoon_yolanda_tweets,2013_typhoon_yolanda,fil,yolanda-train-0-113,0,https://raw.githubusercontent.com/imperialite/Philippine-Languages-Online-Corpora/master/Tweets/Annotated%20Yolanda/train/0.txt,1
DLSU vs San Beda charity game,neutral,low,sentiment,train,SEACrowd/typhoon_yolanda_tweets,2013_typhoon_yolanda,fil,yolanda-train-0-114,0,https://raw.githubusercontent.com/imperialite/Philippine-Languages-Online-Corpora/master/Tweets/Annotated%20Yolanda/train/0.txt,1
Our donations for the Yolanda victims,neutral,low,sentiment,train,SEACrowd/typhoon_yolanda_tweets,2013_typhoon_yolanda,fil,yolanda-train-0-115,0,https://raw.githubusercontent.com/imperialite/Philippine-Languages-Online-Corpora/master/Tweets/Annotated%20Yolanda/train/0.txt,1
Yolanda survivors are watching hoping for something to lift their spirits. Win this for them Manny,neutral,low,sentiment,train,SEACrowd/typhoon_yolanda_tweets,2013_typhoon_yolanda,fil,yolanda-train-0-116,0,https://raw.githubusercontent.com/imperialite/Philippine-Languages-Online-Corpora/master/Tweets/Annotated%20Yolanda/train/0.txt,1
Juan Dela Cruz family at Tacloban,neutral,low,sentiment,train,SEACrowd/typhoon_yolanda_tweets,2013_typhoon_yolanda,fil,yolanda-train-0-117,0,https://raw.githubusercontent.com/imperialite/Philippine-Languages-Online-Corpora/master/Tweets/Annotated%20Yolanda/train/0.txt,1
Maynilad is giving 4 tanks of water to the survivors of #YolandaPH,neutral,low,sentiment,train,SEACrowd/typhoon_yolanda_tweets,2013_typhoon_yolanda,fil,yolanda-train-0-118,0,https://raw.githubusercontent.com/imperialite/Philippine-Languages-Online-Corpora/master/Tweets/Annotated%20Yolanda/train/0.txt,1
For naysayers and critics,neutral,low,sentiment,train,SEACrowd/typhoon_yolanda_tweets,2013_typhoon_yolanda,fil,yolanda-train-0-119,0,https://raw.githubusercontent.com/imperialite/Philippine-Languages-Online-Corpora/master/Tweets/Annotated%20Yolanda/train/0.txt,1
FLIGHT TO RECOVERY,neutral,low,sentiment,train,SEACrowd/typhoon_yolanda_tweets,2013_typhoon_yolanda,fil,yolanda-train-0-120,0,https://raw.githubusercontent.com/imperialite/Philippine-Languages-Online-Corpora/master/Tweets/Annotated%20Yolanda/train/0.txt,1
Help map status of power roads bridges in Yolanda-hit areas,neutral,low,sentiment,train,SEACrowd/typhoon_yolanda_tweets,2013_typhoon_yolanda,fil,yolanda-train-0-121,0,https://raw.githubusercontent.com/imperialite/Philippine-Languages-Online-Corpora/master/Tweets/Annotated%20Yolanda/train/0.txt,1
Headed to Tacloban today the area most affected by Typhoon Yolanda,neutral,low,sentiment,train,SEACrowd/typhoon_yolanda_tweets,2013_typhoon_yolanda,fil,yolanda-train-0-122,0,https://raw.githubusercontent.com/imperialite/Philippine-Languages-Online-Corpora/master/Tweets/Annotated%20Yolanda/train/0.txt,1
@G-Strips Hiphop concert for the victims of Yolanda,neutral,low,sentiment,train,SEACrowd/typhoon_yolanda_tweets,2013_typhoon_yolanda,fil,yolanda-train-0-123,0,https://raw.githubusercontent.com/imperialite/Philippine-Languages-Online-Corpora/master/Tweets/Annotated%20Yolanda/train/0.txt,1
Autobots roll out,neutral,low,sentiment,train,SEACrowd/typhoon_yolanda_tweets,2013_typhoon_yolanda,fil,yolanda-train-0-124,0,https://raw.githubusercontent.com/imperialite/Philippine-Languages-Online-Corpora/master/Tweets/Annotated%20Yolanda/train/0.txt,1
The collective efforts of our team for #TyphoonHaiyan victim in the #Philippines,neutral,low,sentiment,train,SEACrowd/typhoon_yolanda_tweets,2013_typhoon_yolanda,fil,yolanda-train-0-125,0,https://raw.githubusercontent.com/imperialite/Philippine-Languages-Online-Corpora/master/Tweets/Annotated%20Yolanda/train/0.txt,1
Philippines Government FAiTH (Foreign Aid Transparency Hub) report!,neutral,low,sentiment,train,SEACrowd/typhoon_yolanda_tweets,2013_typhoon_yolanda,fil,yolanda-train-0-126,0,https://raw.githubusercontent.com/imperialite/Philippine-Languages-Online-Corpora/master/Tweets/Annotated%20Yolanda/train/0.txt,1
This used to be a Gas Station in Bantayan island,neutral,low,sentiment,train,SEACrowd/typhoon_yolanda_tweets,2013_typhoon_yolanda,fil,yolanda-train-0-127,0,https://raw.githubusercontent.com/imperialite/Philippine-Languages-Online-Corpora/master/Tweets/Annotated%20Yolanda/train/0.txt,1
Malapit na ba ko?Hehe,neutral,low,sentiment,train,SEACrowd/typhoon_yolanda_tweets,2013_typhoon_yolanda,fil,yolanda-train-0-128,0,https://raw.githubusercontent.com/imperialite/Philippine-Languages-Online-Corpora/master/Tweets/Annotated%20Yolanda/train/0.txt,1
The Iconic @EmpireStateBldg with the colors of Philippines' flag 2 raise awareness of the #Haiyan tragedy.,neutral,low,sentiment,train,SEACrowd/typhoon_yolanda_tweets,2013_typhoon_yolanda,fil,yolanda-train-0-129,0,https://raw.githubusercontent.com/imperialite/Philippine-Languages-Online-Corpora/master/Tweets/Annotated%20Yolanda/train/0.txt,1
JAPAN UNITED FOR PHILIPPINES. PLEASE JOIN AND SHARE! SUPPORT!!!!,neutral,low,sentiment,train,SEACrowd/typhoon_yolanda_tweets,2013_typhoon_yolanda,fil,yolanda-train-0-130,0,https://raw.githubusercontent.com/imperialite/Philippine-Languages-Online-Corpora/master/Tweets/Annotated%20Yolanda/train/0.txt,1
Tulog timemay repacking102 sked pa ako bukas zzzzzzzzzzzzzz,neutral,low,sentiment,train,SEACrowd/typhoon_yolanda_tweets,2013_typhoon_yolanda,fil,yolanda-train-0-131,0,https://raw.githubusercontent.com/imperialite/Philippine-Languages-Online-Corpora/master/Tweets/Annotated%20Yolanda/train/0.txt,1
Villamor Airbase tomorrow to help repack goods!,neutral,low,sentiment,train,SEACrowd/typhoon_yolanda_tweets,2013_typhoon_yolanda,fil,yolanda-train-0-132,0,https://raw.githubusercontent.com/imperialite/Philippine-Languages-Online-Corpora/master/Tweets/Annotated%20Yolanda/train/0.txt,1
The difference between helping and mere publicity,neutral,low,sentiment,train,SEACrowd/typhoon_yolanda_tweets,2013_typhoon_yolanda,fil,yolanda-train-0-133,0,https://raw.githubusercontent.com/imperialite/Philippine-Languages-Online-Corpora/master/Tweets/Annotated%20Yolanda/train/0.txt,1
Simbolo ng pagtulong mo isuot mo,neutral,low,sentiment,train,SEACrowd/typhoon_yolanda_tweets,2013_typhoon_yolanda,fil,yolanda-train-0-134,0,https://raw.githubusercontent.com/imperialite/Philippine-Languages-Online-Corpora/master/Tweets/Annotated%20Yolanda/train/0.txt,1
UN's investigating the locations that its aid reached.,neutral,low,sentiment,train,SEACrowd/typhoon_yolanda_tweets,2013_typhoon_yolanda,fil,yolanda-train-0-135,0,https://raw.githubusercontent.com/imperialite/Philippine-Languages-Online-Corpora/master/Tweets/Annotated%20Yolanda/train/0.txt,1
Sana maging kabahagi ako ng muling pagbangon ng Visayas. Intay intay lang,neutral,low,sentiment,train,SEACrowd/typhoon_yolanda_tweets,2013_typhoon_yolanda,fil,yolanda-train-0-136,0,https://raw.githubusercontent.com/imperialite/Philippine-Languages-Online-Corpora/master/Tweets/Annotated%20Yolanda/train/0.txt,1
Before and after pic hehe,neutral,low,sentiment,train,SEACrowd/typhoon_yolanda_tweets,2013_typhoon_yolanda,fil,yolanda-train-0-137,0,https://raw.githubusercontent.com/imperialite/Philippine-Languages-Online-Corpora/master/Tweets/Annotated%20Yolanda/train/0.txt,1
So many shameless politicking at a time when survivors' well-being should be the priority.,neutral,low,sentiment,train,SEACrowd/typhoon_yolanda_tweets,2013_typhoon_yolanda,fil,yolanda-train-0-138,0,https://raw.githubusercontent.com/imperialite/Philippine-Languages-Online-Corpora/master/Tweets/Annotated%20Yolanda/train/0.txt,1
One visual example of the shocking devastation in #Tacloban . May God grant mercy to rebuild.,neutral,low,sentiment,train,SEACrowd/typhoon_yolanda_tweets,2013_typhoon_yolanda,fil,yolanda-train-0-139,0,https://raw.githubusercontent.com/imperialite/Philippine-Languages-Online-Corpora/master/Tweets/Annotated%20Yolanda/train/0.txt,1
@andersoncooper should be given a hero recognition for sending the message to the world.,neutral,low,sentiment,train,SEACrowd/typhoon_yolanda_tweets,2013_typhoon_yolanda,fil,yolanda-train-0-140,0,https://raw.githubusercontent.com/imperialite/Philippine-Languages-Online-Corpora/master/Tweets/Annotated%20Yolanda/train/0.txt,1
If you share your piggy bank it will be enough,neutral,low,sentiment,train,SEACrowd/typhoon_yolanda_tweets,2013_typhoon_yolanda,fil,yolanda-train-0-141,0,https://raw.githubusercontent.com/imperialite/Philippine-Languages-Online-Corpora/master/Tweets/Annotated%20Yolanda/train/0.txt,1
"A message from Super Moms"" through our #TreeOfHope",neutral,low,sentiment,train,SEACrowd/typhoon_yolanda_tweets,2013_typhoon_yolanda,fil,yolanda-train-0-142,0,https://raw.githubusercontent.com/imperialite/Philippine-Languages-Online-Corpora/master/Tweets/Annotated%20Yolanda/train/0.txt,1
@AC360 @andersoncooper A hero to every Filipino!,neutral,low,sentiment,train,SEACrowd/typhoon_yolanda_tweets,2013_typhoon_yolanda,fil,yolanda-train-0-143,0,https://raw.githubusercontent.com/imperialite/Philippine-Languages-Online-Corpora/master/Tweets/Annotated%20Yolanda/train/0.txt,1
my parents kuya ate and their friends are now off to Tacloban,neutral,low,sentiment,train,SEACrowd/typhoon_yolanda_tweets,2013_typhoon_yolanda,fil,yolanda-train-0-144,0,https://raw.githubusercontent.com/imperialite/Philippine-Languages-Online-Corpora/master/Tweets/Annotated%20Yolanda/train/0.txt,1
You can help support relief efforts in the Philippines and track progress in realtime,neutral,low,sentiment,train,SEACrowd/typhoon_yolanda_tweets,2013_typhoon_yolanda,fil,yolanda-train-0-145,0,https://raw.githubusercontent.com/imperialite/Philippine-Languages-Online-Corpora/master/Tweets/Annotated%20Yolanda/train/0.txt,1
One month after super typhoon,neutral,low,sentiment,train,SEACrowd/typhoon_yolanda_tweets,2013_typhoon_yolanda,fil,yolanda-train-0-146,0,https://raw.githubusercontent.com/imperialite/Philippine-Languages-Online-Corpora/master/Tweets/Annotated%20Yolanda/train/0.txt,1
Waiting for my flight back to Tacloban,neutral,low,sentiment,train,SEACrowd/typhoon_yolanda_tweets,2013_typhoon_yolanda,fil,yolanda-train-0-147,0,https://raw.githubusercontent.com/imperialite/Philippine-Languages-Online-Corpora/master/Tweets/Annotated%20Yolanda/train/0.txt,1
Relief goods from Save the Children,neutral,low,sentiment,train,SEACrowd/typhoon_yolanda_tweets,2013_typhoon_yolanda,fil,yolanda-train-0-148,0,https://raw.githubusercontent.com/imperialite/Philippine-Languages-Online-Corpora/master/Tweets/Annotated%20Yolanda/train/0.txt,1
How Lupang Hinirang Ought to Be Sung: Joey Ayala at TEDxDiliman,neutral,low,sentiment,train,SEACrowd/typhoon_yolanda_tweets,2013_typhoon_yolanda,fil,yolanda-train-0-149,0,https://raw.githubusercontent.com/imperialite/Philippine-Languages-Online-Corpora/master/Tweets/Annotated%20Yolanda/train/0.txt,1
Helping in any way I can,neutral,low,sentiment,train,SEACrowd/typhoon_yolanda_tweets,2013_typhoon_yolanda,fil,yolanda-train-0-150,0,https://raw.githubusercontent.com/imperialite/Philippine-Languages-Online-Corpora/master/Tweets/Annotated%20Yolanda/train/0.txt,1
Come and dine for a cause,neutral,low,sentiment,train,SEACrowd/typhoon_yolanda_tweets,2013_typhoon_yolanda,fil,yolanda-train-0-151,0,https://raw.githubusercontent.com/imperialite/Philippine-Languages-Online-Corpora/master/Tweets/Annotated%20Yolanda/train/0.txt,1
Dinner and Catching Fire after the relief operations! What a fulfilling day!,neutral,low,sentiment,train,SEACrowd/typhoon_yolanda_tweets,2013_typhoon_yolanda,fil,yolanda-train-0-152,0,https://raw.githubusercontent.com/imperialite/Philippine-Languages-Online-Corpora/master/Tweets/Annotated%20Yolanda/train/0.txt,1
our GOD is bigger than any typhoon the sun will shine again to all of us,neutral,low,sentiment,train,SEACrowd/typhoon_yolanda_tweets,2013_typhoon_yolanda,fil,yolanda-train-0-153,0,https://raw.githubusercontent.com/imperialite/Philippine-Languages-Online-Corpora/master/Tweets/Annotated%20Yolanda/train/0.txt,1
Tourism helps heal Philippines after recent natural calamities,neutral,low,sentiment,train,SEACrowd/typhoon_yolanda_tweets,2013_typhoon_yolanda,fil,yolanda-train-0-154,0,https://raw.githubusercontent.com/imperialite/Philippine-Languages-Online-Corpora/master/Tweets/Annotated%20Yolanda/train/0.txt,1
Volunteer Chefs X Head Marshalls.,neutral,low,sentiment,train,SEACrowd/typhoon_yolanda_tweets,2013_typhoon_yolanda,fil,yolanda-train-0-155,0,https://raw.githubusercontent.com/imperialite/Philippine-Languages-Online-Corpora/master/Tweets/Annotated%20Yolanda/train/0.txt,1
For all who are abroad there are still ways to help. Globe Citibank and Phil. Red Cross are accepting online & mobile donations.,neutral,low,sentiment,train,SEACrowd/typhoon_yolanda_tweets,2013_typhoon_yolanda,fil,yolanda-train-0-156,0,https://raw.githubusercontent.com/imperialite/Philippine-Languages-Online-Corpora/master/Tweets/Annotated%20Yolanda/train/0.txt,1
Were looking for truck owners who can help us deliver relief goods from Manila to Capiz,neutral,low,sentiment,train,SEACrowd/typhoon_yolanda_tweets,2013_typhoon_yolanda,fil,yolanda-train-0-157,0,https://raw.githubusercontent.com/imperialite/Philippine-Languages-Online-Corpora/master/Tweets/Annotated%20Yolanda/train/0.txt,1
How to Help Typhoon Survivors,neutral,low,sentiment,train,SEACrowd/typhoon_yolanda_tweets,2013_typhoon_yolanda,fil,yolanda-train-0-158,0,https://raw.githubusercontent.com/imperialite/Philippine-Languages-Online-Corpora/master/Tweets/Annotated%20Yolanda/train/0.txt,1
‘Business as usual without our roof’: Rebuilding after Supertyphoon Haiyan,neutral,low,sentiment,train,SEACrowd/typhoon_yolanda_tweets,2013_typhoon_yolanda,fil,yolanda-train-0-159,0,https://raw.githubusercontent.com/imperialite/Philippine-Languages-Online-Corpora/master/Tweets/Annotated%20Yolanda/train/0.txt,1
If you still want to volunteer you can head to Villamor! Go to the registration booth for 1. brieifing then 2. sign ups.,neutral,low,sentiment,train,SEACrowd/typhoon_yolanda_tweets,2013_typhoon_yolanda,fil,yolanda-train-0-160,0,https://raw.githubusercontent.com/imperialite/Philippine-Languages-Online-Corpora/master/Tweets/Annotated%20Yolanda/train/0.txt,1
Stories of hope two weeks after #Yolanda,neutral,low,sentiment,train,SEACrowd/typhoon_yolanda_tweets,2013_typhoon_yolanda,fil,yolanda-train-0-161,0,https://raw.githubusercontent.com/imperialite/Philippine-Languages-Online-Corpora/master/Tweets/Annotated%20Yolanda/train/0.txt,1
The goods has been delivered!,neutral,low,sentiment,train,SEACrowd/typhoon_yolanda_tweets,2013_typhoon_yolanda,fil,yolanda-train-0-162,0,https://raw.githubusercontent.com/imperialite/Philippine-Languages-Online-Corpora/master/Tweets/Annotated%20Yolanda/train/0.txt,1
Takbo para sa Tacloban funrun.medics kmi pero walng pasyente kya tumakbo nlng dn kmi,neutral,low,sentiment,train,SEACrowd/typhoon_yolanda_tweets,2013_typhoon_yolanda,fil,yolanda-train-0-163,0,https://raw.githubusercontent.com/imperialite/Philippine-Languages-Online-Corpora/master/Tweets/Annotated%20Yolanda/train/0.txt,1
Lakers win and Gasol will donate $22k to the UNICEF for the typhoon victims,neutral,low,sentiment,train,SEACrowd/typhoon_yolanda_tweets,2013_typhoon_yolanda,fil,yolanda-train-0-164,0,https://raw.githubusercontent.com/imperialite/Philippine-Languages-Online-Corpora/master/Tweets/Annotated%20Yolanda/train/0.txt,1
Happy Black Monday!,neutral,low,sentiment,train,SEACrowd/typhoon_yolanda_tweets,2013_typhoon_yolanda,fil,yolanda-train-0-165,0,https://raw.githubusercontent.com/imperialite/Philippine-Languages-Online-Corpora/master/Tweets/Annotated%20Yolanda/train/0.txt,1
I'm gonna shave my head,neutral,low,sentiment,train,SEACrowd/typhoon_yolanda_tweets,2013_typhoon_yolanda,fil,yolanda-train-0-166,0,https://raw.githubusercontent.com/imperialite/Philippine-Languages-Online-Corpora/master/Tweets/Annotated%20Yolanda/train/0.txt,1
Who's heading to Mactan Airbase #Cebu now? Kindly inform us about the status of the refugees. Any needs?,neutral,low,sentiment,train,SEACrowd/typhoon_yolanda_tweets,2013_typhoon_yolanda,fil,yolanda-train-0-167,0,https://raw.githubusercontent.com/imperialite/Philippine-Languages-Online-Corpora/master/Tweets/Annotated%20Yolanda/train/0.txt,1
Sana nakatulong din yung mga dinonate at pag volunteer,neutral,low,sentiment,train,SEACrowd/typhoon_yolanda_tweets,2013_typhoon_yolanda,fil,yolanda-train-0-168,0,https://raw.githubusercontent.com/imperialite/Philippine-Languages-Online-Corpora/master/Tweets/Annotated%20Yolanda/train/0.txt,1
Waiting in queue for the #BangonPh shirt (@Greenbelt 5 - @greenbelttweets w/ 5 others),neutral,low,sentiment,train,SEACrowd/typhoon_yolanda_tweets,2013_typhoon_yolanda,fil,yolanda-train-0-169,0,https://raw.githubusercontent.com/imperialite/Philippine-Languages-Online-Corpora/master/Tweets/Annotated%20Yolanda/train/0.txt,1
Petition for setting up a mobile hospital for typhoon Yolanda victims,neutral,low,sentiment,train,SEACrowd/typhoon_yolanda_tweets,2013_typhoon_yolanda,fil,yolanda-train-0-170,0,https://raw.githubusercontent.com/imperialite/Philippine-Languages-Online-Corpora/master/Tweets/Annotated%20Yolanda/train/0.txt,1
Lit candles around the quad for the Typhoon Haiyan victims tonight,neutral,low,sentiment,train,SEACrowd/typhoon_yolanda_tweets,2013_typhoon_yolanda,fil,yolanda-train-0-171,0,https://raw.githubusercontent.com/imperialite/Philippine-Languages-Online-Corpora/master/Tweets/Annotated%20Yolanda/train/0.txt,1
Please... Continue to help,neutral,low,sentiment,train,SEACrowd/typhoon_yolanda_tweets,2013_typhoon_yolanda,fil,yolanda-train-0-172,0,https://raw.githubusercontent.com/imperialite/Philippine-Languages-Online-Corpora/master/Tweets/Annotated%20Yolanda/train/0.txt,1
Wore my #BangonPilipinas shirt today. Got it in #Cebu . Buy a #bangonPH shirt from #IslandSouvenir,neutral,low,sentiment,train,SEACrowd/typhoon_yolanda_tweets,2013_typhoon_yolanda,fil,yolanda-train-0-173,0,https://raw.githubusercontent.com/imperialite/Philippine-Languages-Online-Corpora/master/Tweets/Annotated%20Yolanda/train/0.txt,1
El Gamma Penumbra Heartfelt Performance at Tulong Na Tabang Na Tayo Na!,neutral,low,sentiment,train,SEACrowd/typhoon_yolanda_tweets,2013_typhoon_yolanda,fil,yolanda-train-0-174,0,https://raw.githubusercontent.com/imperialite/Philippine-Languages-Online-Corpora/master/Tweets/Annotated%20Yolanda/train/0.txt,1
TODAY'S TWEET:Today is the Day of Prayer for our Nation.Let us rest in GOD's Sovereignty,neutral,low,sentiment,train,SEACrowd/typhoon_yolanda_tweets,2013_typhoon_yolanda,fil,yolanda-train-0-175,0,https://raw.githubusercontent.com/imperialite/Philippine-Languages-Online-Corpora/master/Tweets/Annotated%20Yolanda/train/0.txt,1
our last destination when we went to Tacloban today Tacloban Church,neutral,low,sentiment,train,SEACrowd/typhoon_yolanda_tweets,2013_typhoon_yolanda,fil,yolanda-train-0-176,0,https://raw.githubusercontent.com/imperialite/Philippine-Languages-Online-Corpora/master/Tweets/Annotated%20Yolanda/train/0.txt,1
Collated info on HOW YOU CAN HELP,neutral,low,sentiment,train,SEACrowd/typhoon_yolanda_tweets,2013_typhoon_yolanda,fil,yolanda-train-0-177,0,https://raw.githubusercontent.com/imperialite/Philippine-Languages-Online-Corpora/master/Tweets/Annotated%20Yolanda/train/0.txt,1
Yes pati movie for the benefit of Yolanda victims,neutral,low,sentiment,train,SEACrowd/typhoon_yolanda_tweets,2013_typhoon_yolanda,fil,yolanda-train-0-178,0,https://raw.githubusercontent.com/imperialite/Philippine-Languages-Online-Corpora/master/Tweets/Annotated%20Yolanda/train/0.txt,1
Mga pulis na nawawala sa paghagupit ni Yolanda isa - isa nang natatagpuan (NOV222013),neutral,low,sentiment,train,SEACrowd/typhoon_yolanda_tweets,2013_typhoon_yolanda,fil,yolanda-train-0-179,0,https://raw.githubusercontent.com/imperialite/Philippine-Languages-Online-Corpora/master/Tweets/Annotated%20Yolanda/train/0.txt,1
kailangan pa po nila ang tulong natin wag po tayong magsawa they still need food and shelter,neutral,low,sentiment,train,SEACrowd/typhoon_yolanda_tweets,2013_typhoon_yolanda,fil,yolanda-train-0-180,0,https://raw.githubusercontent.com/imperialite/Philippine-Languages-Online-Corpora/master/Tweets/Annotated%20Yolanda/train/0.txt,1
People from Visayas told me how inspiring the #BangonPilipinas ans #BangonVisayas shirts were. Kudos to @IslandsSouvenir get yours at 2h,neutral,low,sentiment,train,SEACrowd/typhoon_yolanda_tweets,2013_typhoon_yolanda,fil,yolanda-train-0-181,0,https://raw.githubusercontent.com/imperialite/Philippine-Languages-Online-Corpora/master/Tweets/Annotated%20Yolanda/train/0.txt,1
How can you spend christmas like this?,neutral,low,sentiment,train,SEACrowd/typhoon_yolanda_tweets,2013_typhoon_yolanda,fil,yolanda-train-0-182,0,https://raw.githubusercontent.com/imperialite/Philippine-Languages-Online-Corpora/master/Tweets/Annotated%20Yolanda/train/0.txt,1
Watching The Bottomline. Stories of the victims of Typhoon Haiyan/Yolanda,neutral,low,sentiment,train,SEACrowd/typhoon_yolanda_tweets,2013_typhoon_yolanda,fil,yolanda-train-0-183,0,https://raw.githubusercontent.com/imperialite/Philippine-Languages-Online-Corpora/master/Tweets/Annotated%20Yolanda/train/0.txt,1
The Tumblr logo has a sun in it,neutral,low,sentiment,train,SEACrowd/typhoon_yolanda_tweets,2013_typhoon_yolanda,fil,yolanda-train-0-184,0,https://raw.githubusercontent.com/imperialite/Philippine-Languages-Online-Corpora/master/Tweets/Annotated%20Yolanda/train/0.txt,1
Juan-a-Day: Collated info on HOW YOU CAN HELPJuan-a-Day: Collated info on HOW YOU CAN HELP,neutral,low,sentiment,train,SEACrowd/typhoon_yolanda_tweets,2013_typhoon_yolanda,fil,yolanda-train-0-185,0,https://raw.githubusercontent.com/imperialite/Philippine-Languages-Online-Corpora/master/Tweets/Annotated%20Yolanda/train/0.txt,1
noynoyaquino please request for TPS to be granted to filipinos here in the US,neutral,low,sentiment,train,SEACrowd/typhoon_yolanda_tweets,2013_typhoon_yolanda,fil,yolanda-train-0-186,0,https://raw.githubusercontent.com/imperialite/Philippine-Languages-Online-Corpora/master/Tweets/Annotated%20Yolanda/train/0.txt,1
Noynoy give credit to different Goverment agencys and NGO and of course the Filipino People,neutral,low,sentiment,train,SEACrowd/typhoon_yolanda_tweets,2013_typhoon_yolanda,fil,yolanda-train-0-187,0,https://raw.githubusercontent.com/imperialite/Philippine-Languages-Online-Corpora/master/Tweets/Annotated%20Yolanda/train/0.txt,1
Another way to help out Typhoon Yolanda Victims,neutral,low,sentiment,train,SEACrowd/typhoon_yolanda_tweets,2013_typhoon_yolanda,fil,yolanda-train-0-188,0,https://raw.githubusercontent.com/imperialite/Philippine-Languages-Online-Corpora/master/Tweets/Annotated%20Yolanda/train/0.txt,1
Kung kailan pinakamadilim Ang mga tala ay mas nagniningning,neutral,low,sentiment,train,SEACrowd/typhoon_yolanda_tweets,2013_typhoon_yolanda,fil,yolanda-train-0-189,0,https://raw.githubusercontent.com/imperialite/Philippine-Languages-Online-Corpora/master/Tweets/Annotated%20Yolanda/train/0.txt,1
Taray ng DLSU. May twist sa dulo. Eh ang San Bede kaya?,neutral,low,sentiment,train,SEACrowd/typhoon_yolanda_tweets,2013_typhoon_yolanda,fil,yolanda-train-0-190,0,https://raw.githubusercontent.com/imperialite/Philippine-Languages-Online-Corpora/master/Tweets/Annotated%20Yolanda/train/0.txt,1
Kapamilya Stars in Tacloban yesterday,neutral,low,sentiment,train,SEACrowd/typhoon_yolanda_tweets,2013_typhoon_yolanda,fil,yolanda-train-0-191,0,https://raw.githubusercontent.com/imperialite/Philippine-Languages-Online-Corpora/master/Tweets/Annotated%20Yolanda/train/0.txt,1
2 hours of sleep and now briefing for relief operations,neutral,low,sentiment,train,SEACrowd/typhoon_yolanda_tweets,2013_typhoon_yolanda,fil,yolanda-train-0-192,0,https://raw.githubusercontent.com/imperialite/Philippine-Languages-Online-Corpora/master/Tweets/Annotated%20Yolanda/train/0.txt,1
It's now time for the PH's wealthiest businessmen to do their moves and help. After all these people were behind their success,neutral,low,sentiment,train,SEACrowd/typhoon_yolanda_tweets,2013_typhoon_yolanda,fil,yolanda-train-0-193,0,https://raw.githubusercontent.com/imperialite/Philippine-Languages-Online-Corpora/master/Tweets/Annotated%20Yolanda/train/0.txt,1
Naiiyak ako everytime ipa2kita ung mga kababayan nting nasalanta pro nakakasmile pa din sla despite what happened. That the spirit,neutral,low,sentiment,train,SEACrowd/typhoon_yolanda_tweets,2013_typhoon_yolanda,fil,yolanda-train-0-194,0,https://raw.githubusercontent.com/imperialite/Philippine-Languages-Online-Corpora/master/Tweets/Annotated%20Yolanda/train/0.txt,1
God will never leave Philippines nor forsake Philippines,positive,low,sentiment,train,SEACrowd/typhoon_yolanda_tweets,2013_typhoon_yolanda,fil,yolanda-train-1-1,1,https://raw.githubusercontent.com/imperialite/Philippine-Languages-Online-Corpora/master/Tweets/Annotated%20Yolanda/train/1.txt,2
A Christmas to Remember for the Children of Typhoon Yolanda,positive,low,sentiment,train,SEACrowd/typhoon_yolanda_tweets,2013_typhoon_yolanda,fil,yolanda-train-1-2,1,https://raw.githubusercontent.com/imperialite/Philippine-Languages-Online-Corpora/master/Tweets/Annotated%20Yolanda/train/1.txt,2
It doesn't matter how you were knocked down it is how you get up. This one's to Pacman and typhoon survivors.,positive,low,sentiment,train,SEACrowd/typhoon_yolanda_tweets,2013_typhoon_yolanda,fil,yolanda-train-1-3,1,https://raw.githubusercontent.com/imperialite/Philippine-Languages-Online-Corpora/master/Tweets/Annotated%20Yolanda/train/1.txt,2
Thank you for understanding us. God bless you and your network,positive,low,sentiment,train,SEACrowd/typhoon_yolanda_tweets,2013_typhoon_yolanda,fil,yolanda-train-1-4,1,https://raw.githubusercontent.com/imperialite/Philippine-Languages-Online-Corpora/master/Tweets/Annotated%20Yolanda/train/1.txt,2
Ganyan kasi tayong mga PINOY eh may PUSO! Babangon at babangon tayo,positive,low,sentiment,train,SEACrowd/typhoon_yolanda_tweets,2013_typhoon_yolanda,fil,yolanda-train-1-5,1,https://raw.githubusercontent.com/imperialite/Philippine-Languages-Online-Corpora/master/Tweets/Annotated%20Yolanda/train/1.txt,2
There comes a time love could also mean sacrifice.,positive,low,sentiment,train,SEACrowd/typhoon_yolanda_tweets,2013_typhoon_yolanda,fil,yolanda-train-1-6,1,https://raw.githubusercontent.com/imperialite/Philippine-Languages-Online-Corpora/master/Tweets/Annotated%20Yolanda/train/1.txt,2
Be the change you want to see in the world,positive,low,sentiment,train,SEACrowd/typhoon_yolanda_tweets,2013_typhoon_yolanda,fil,yolanda-train-1-7,1,https://raw.githubusercontent.com/imperialite/Philippine-Languages-Online-Corpora/master/Tweets/Annotated%20Yolanda/train/1.txt,2
Thank you very much Japan. God bless you po.,positive,low,sentiment,train,SEACrowd/typhoon_yolanda_tweets,2013_typhoon_yolanda,fil,yolanda-train-1-8,1,https://raw.githubusercontent.com/imperialite/Philippine-Languages-Online-Corpora/master/Tweets/Annotated%20Yolanda/train/1.txt,2
One Nation One Prayer,positive,low,sentiment,train,SEACrowd/typhoon_yolanda_tweets,2013_typhoon_yolanda,fil,yolanda-train-1-9,1,https://raw.githubusercontent.com/imperialite/Philippine-Languages-Online-Corpora/master/Tweets/Annotated%20Yolanda/train/1.txt,2
Ang saya :) Para sa pilipinas gagawin ang lahat,positive,low,sentiment,train,SEACrowd/typhoon_yolanda_tweets,2013_typhoon_yolanda,fil,yolanda-train-1-10,1,https://raw.githubusercontent.com/imperialite/Philippine-Languages-Online-Corpora/master/Tweets/Annotated%20Yolanda/train/1.txt,2
On Christmas Day I was able to hear different stories of srviving super typhoon yolanda.,positive,low,sentiment,train,SEACrowd/typhoon_yolanda_tweets,2013_typhoon_yolanda,fil,yolanda-train-1-11,1,https://raw.githubusercontent.com/imperialite/Philippine-Languages-Online-Corpora/master/Tweets/Annotated%20Yolanda/train/1.txt,2
Made a greeting card/inspirational card earlier for the Yolanda victims,positive,low,sentiment,train,SEACrowd/typhoon_yolanda_tweets,2013_typhoon_yolanda,fil,yolanda-train-1-12,1,https://raw.githubusercontent.com/imperialite/Philippine-Languages-Online-Corpora/master/Tweets/Annotated%20Yolanda/train/1.txt,2
As a people we have to keep our heads high look up to the sky and hope for a better tomorrow,positive,low,sentiment,train,SEACrowd/typhoon_yolanda_tweets,2013_typhoon_yolanda,fil,yolanda-train-1-13,1,https://raw.githubusercontent.com/imperialite/Philippine-Languages-Online-Corpora/master/Tweets/Annotated%20Yolanda/train/1.txt,2
Let us start our day with a simple prayer for those who are affected with Typhoon #Yolanda,positive,low,sentiment,train,SEACrowd/typhoon_yolanda_tweets,2013_typhoon_yolanda,fil,yolanda-train-1-14,1,https://raw.githubusercontent.com/imperialite/Philippine-Languages-Online-Corpora/master/Tweets/Annotated%20Yolanda/train/1.txt,2
Cheer to the countries who have a helping hand,positive,low,sentiment,train,SEACrowd/typhoon_yolanda_tweets,2013_typhoon_yolanda,fil,yolanda-train-1-15,1,https://raw.githubusercontent.com/imperialite/Philippine-Languages-Online-Corpora/master/Tweets/Annotated%20Yolanda/train/1.txt,2
Inflatable hospitalsheartwarming volunteers aids coming from neighboring countriesbillions of donations,positive,low,sentiment,train,SEACrowd/typhoon_yolanda_tweets,2013_typhoon_yolanda,fil,yolanda-train-1-16,1,https://raw.githubusercontent.com/imperialite/Philippine-Languages-Online-Corpora/master/Tweets/Annotated%20Yolanda/train/1.txt,2
Yng school namin siningil kmi ng pera para idonate sa mga nbiktima ni bagyong Yolanda. Kht sa maliit na bagay tmlong po tayo,positive,low,sentiment,train,SEACrowd/typhoon_yolanda_tweets,2013_typhoon_yolanda,fil,yolanda-train-1-17,1,https://raw.githubusercontent.com/imperialite/Philippine-Languages-Online-Corpora/master/Tweets/Annotated%20Yolanda/train/1.txt,2
Remove my shoulder from every burden -Ps. 81:6,positive,low,sentiment,train,SEACrowd/typhoon_yolanda_tweets,2013_typhoon_yolanda,fil,yolanda-train-1-18,1,https://raw.githubusercontent.com/imperialite/Philippine-Languages-Online-Corpora/master/Tweets/Annotated%20Yolanda/train/1.txt,2
Kaunti lang kakainin ko ngayong gabi! Dadamayan ko yung mga tao sa #Visayas,positive,low,sentiment,train,SEACrowd/typhoon_yolanda_tweets,2013_typhoon_yolanda,fil,yolanda-train-1-19,1,https://raw.githubusercontent.com/imperialite/Philippine-Languages-Online-Corpora/master/Tweets/Annotated%20Yolanda/train/1.txt,2
One with the world!,positive,low,sentiment,train,SEACrowd/typhoon_yolanda_tweets,2013_typhoon_yolanda,fil,yolanda-train-1-20,1,https://raw.githubusercontent.com/imperialite/Philippine-Languages-Online-Corpora/master/Tweets/Annotated%20Yolanda/train/1.txt,2
Sorting out our BANGON PH shirts for shipping. Thanks to everyone who ordered!,positive,low,sentiment,train,SEACrowd/typhoon_yolanda_tweets,2013_typhoon_yolanda,fil,yolanda-train-1-21,1,https://raw.githubusercontent.com/imperialite/Philippine-Languages-Online-Corpora/master/Tweets/Annotated%20Yolanda/train/1.txt,2
Sharing his time in helping.,positive,low,sentiment,train,SEACrowd/typhoon_yolanda_tweets,2013_typhoon_yolanda,fil,yolanda-train-1-22,1,https://raw.githubusercontent.com/imperialite/Philippine-Languages-Online-Corpora/master/Tweets/Annotated%20Yolanda/train/1.txt,2
Everday is another day of hope,positive,low,sentiment,train,SEACrowd/typhoon_yolanda_tweets,2013_typhoon_yolanda,fil,yolanda-train-1-23,1,https://raw.githubusercontent.com/imperialite/Philippine-Languages-Online-Corpora/master/Tweets/Annotated%20Yolanda/train/1.txt,2
Hoping Filipinos will use the money wisely and strictly for the Yolanda victims. Let's be thankful that they care for our country,positive,low,sentiment,train,SEACrowd/typhoon_yolanda_tweets,2013_typhoon_yolanda,fil,yolanda-train-1-24,1,https://raw.githubusercontent.com/imperialite/Philippine-Languages-Online-Corpora/master/Tweets/Annotated%20Yolanda/train/1.txt,2
Night well spent! Just got home from sorting out clothes for Yolanda victims.,positive,low,sentiment,train,SEACrowd/typhoon_yolanda_tweets,2013_typhoon_yolanda,fil,yolanda-train-1-25,1,https://raw.githubusercontent.com/imperialite/Philippine-Languages-Online-Corpora/master/Tweets/Annotated%20Yolanda/train/1.txt,2
We will miss this place. Praying for Tacloban,positive,low,sentiment,train,SEACrowd/typhoon_yolanda_tweets,2013_typhoon_yolanda,fil,yolanda-train-1-26,1,https://raw.githubusercontent.com/imperialite/Philippine-Languages-Online-Corpora/master/Tweets/Annotated%20Yolanda/train/1.txt,2
Every form of help counts mga ka-DTC,positive,low,sentiment,train,SEACrowd/typhoon_yolanda_tweets,2013_typhoon_yolanda,fil,yolanda-train-1-27,1,https://raw.githubusercontent.com/imperialite/Philippine-Languages-Online-Corpora/master/Tweets/Annotated%20Yolanda/train/1.txt,2
Pray lang. Just keep your faith in God. Kaya natin to!,positive,low,sentiment,train,SEACrowd/typhoon_yolanda_tweets,2013_typhoon_yolanda,fil,yolanda-train-1-28,1,https://raw.githubusercontent.com/imperialite/Philippine-Languages-Online-Corpora/master/Tweets/Annotated%20Yolanda/train/1.txt,2
Let's do our part to help the typhoon victims,positive,low,sentiment,train,SEACrowd/typhoon_yolanda_tweets,2013_typhoon_yolanda,fil,yolanda-train-1-29,1,https://raw.githubusercontent.com/imperialite/Philippine-Languages-Online-Corpora/master/Tweets/Annotated%20Yolanda/train/1.txt,2
On the other hand filed a PTO this weekend to volunteer for packing relief goods for the victims. Help on our own little ways,positive,low,sentiment,train,SEACrowd/typhoon_yolanda_tweets,2013_typhoon_yolanda,fil,yolanda-train-1-30,1,https://raw.githubusercontent.com/imperialite/Philippine-Languages-Online-Corpora/master/Tweets/Annotated%20Yolanda/train/1.txt,2
If calamities won't stop from devastating PH then we are also reminded that we should not stop praying. Simple yet powerful,positive,low,sentiment,train,SEACrowd/typhoon_yolanda_tweets,2013_typhoon_yolanda,fil,yolanda-train-1-31,1,https://raw.githubusercontent.com/imperialite/Philippine-Languages-Online-Corpora/master/Tweets/Annotated%20Yolanda/train/1.txt,2
MAKIISA sa pagbabago,positive,low,sentiment,train,SEACrowd/typhoon_yolanda_tweets,2013_typhoon_yolanda,fil,yolanda-train-1-32,1,https://raw.githubusercontent.com/imperialite/Philippine-Languages-Online-Corpora/master/Tweets/Annotated%20Yolanda/train/1.txt,2
Yes indeed! Credit to The 700 Club Asia.,positive,low,sentiment,train,SEACrowd/typhoon_yolanda_tweets,2013_typhoon_yolanda,fil,yolanda-train-1-33,1,https://raw.githubusercontent.com/imperialite/Philippine-Languages-Online-Corpora/master/Tweets/Annotated%20Yolanda/train/1.txt,2
Volunteer from #Russia . I salute you Ma'am!,positive,low,sentiment,train,SEACrowd/typhoon_yolanda_tweets,2013_typhoon_yolanda,fil,yolanda-train-1-34,1,https://raw.githubusercontent.com/imperialite/Philippine-Languages-Online-Corpora/master/Tweets/Annotated%20Yolanda/train/1.txt,2
Crocs donated 1M sandals to the victims?! You guys are the best. aahh,positive,low,sentiment,train,SEACrowd/typhoon_yolanda_tweets,2013_typhoon_yolanda,fil,yolanda-train-1-35,1,https://raw.githubusercontent.com/imperialite/Philippine-Languages-Online-Corpora/master/Tweets/Annotated%20Yolanda/train/1.txt,2
Champions for a cause for yolanda victims. SBC vs. DLSU charity game,positive,low,sentiment,train,SEACrowd/typhoon_yolanda_tweets,2013_typhoon_yolanda,fil,yolanda-train-1-36,1,https://raw.githubusercontent.com/imperialite/Philippine-Languages-Online-Corpora/master/Tweets/Annotated%20Yolanda/train/1.txt,2
Maraming maraming salamat po sa inyo.,positive,low,sentiment,train,SEACrowd/typhoon_yolanda_tweets,2013_typhoon_yolanda,fil,yolanda-train-1-37,1,https://raw.githubusercontent.com/imperialite/Philippine-Languages-Online-Corpora/master/Tweets/Annotated%20Yolanda/train/1.txt,2
There is no one to blame when a disaster hit our country. Let's just all pray and hope that everything's gonna be fine,positive,low,sentiment,train,SEACrowd/typhoon_yolanda_tweets,2013_typhoon_yolanda,fil,yolanda-train-1-38,1,https://raw.githubusercontent.com/imperialite/Philippine-Languages-Online-Corpora/master/Tweets/Annotated%20Yolanda/train/1.txt,2
No more drama. No more politics. No more negativity. Pray. Thank GOD. Thanks for all the help/prayers for the Philippines,positive,low,sentiment,train,SEACrowd/typhoon_yolanda_tweets,2013_typhoon_yolanda,fil,yolanda-train-1-39,1,https://raw.githubusercontent.com/imperialite/Philippine-Languages-Online-Corpora/master/Tweets/Annotated%20Yolanda/train/1.txt,2
No one started this.but we have to end it together as a nation,positive,low,sentiment,train,SEACrowd/typhoon_yolanda_tweets,2013_typhoon_yolanda,fil,yolanda-train-1-40,1,https://raw.githubusercontent.com/imperialite/Philippine-Languages-Online-Corpora/master/Tweets/Annotated%20Yolanda/train/1.txt,2
Its cool how our kababayans are always so optimistic,positive,low,sentiment,train,SEACrowd/typhoon_yolanda_tweets,2013_typhoon_yolanda,fil,yolanda-train-1-41,1,https://raw.githubusercontent.com/imperialite/Philippine-Languages-Online-Corpora/master/Tweets/Annotated%20Yolanda/train/1.txt,2
Go Azkals for Yolanda's survivor. For Philippines.,positive,low,sentiment,train,SEACrowd/typhoon_yolanda_tweets,2013_typhoon_yolanda,fil,yolanda-train-1-42,1,https://raw.githubusercontent.com/imperialite/Philippine-Languages-Online-Corpora/master/Tweets/Annotated%20Yolanda/train/1.txt,2
It shall be over and we will rise again,positive,low,sentiment,train,SEACrowd/typhoon_yolanda_tweets,2013_typhoon_yolanda,fil,yolanda-train-1-43,1,https://raw.githubusercontent.com/imperialite/Philippine-Languages-Online-Corpora/master/Tweets/Annotated%20Yolanda/train/1.txt,2
Thank you to these cargo movers for finding a solution to the bottleneck in the Matnog port!,positive,low,sentiment,train,SEACrowd/typhoon_yolanda_tweets,2013_typhoon_yolanda,fil,yolanda-train-1-44,1,https://raw.githubusercontent.com/imperialite/Philippine-Languages-Online-Corpora/master/Tweets/Annotated%20Yolanda/train/1.txt,2
It's amazing to witness as our country rise from the aftermath of Typhoon Yolanda. Continue to help continue to pray.,positive,low,sentiment,train,SEACrowd/typhoon_yolanda_tweets,2013_typhoon_yolanda,fil,yolanda-train-1-45,1,https://raw.githubusercontent.com/imperialite/Philippine-Languages-Online-Corpora/master/Tweets/Annotated%20Yolanda/train/1.txt,2
A RAINBOW AFTER THE RAIN THERE IS HOPE PHILIPPINES!,positive,low,sentiment,train,SEACrowd/typhoon_yolanda_tweets,2013_typhoon_yolanda,fil,yolanda-train-1-46,1,https://raw.githubusercontent.com/imperialite/Philippine-Languages-Online-Corpora/master/Tweets/Annotated%20Yolanda/train/1.txt,2
i have this imported buiscuit from the #WorldFoodProgram Thank you!!,positive,low,sentiment,train,SEACrowd/typhoon_yolanda_tweets,2013_typhoon_yolanda,fil,yolanda-train-1-47,1,https://raw.githubusercontent.com/imperialite/Philippine-Languages-Online-Corpora/master/Tweets/Annotated%20Yolanda/train/1.txt,2
Isang BAYAN tayo'y aahon.,positive,low,sentiment,train,SEACrowd/typhoon_yolanda_tweets,2013_typhoon_yolanda,fil,yolanda-train-1-48,1,https://raw.githubusercontent.com/imperialite/Philippine-Languages-Online-Corpora/master/Tweets/Annotated%20Yolanda/train/1.txt,2
Thank you so much,positive,low,sentiment,train,SEACrowd/typhoon_yolanda_tweets,2013_typhoon_yolanda,fil,yolanda-train-1-49,1,https://raw.githubusercontent.com/imperialite/Philippine-Languages-Online-Corpora/master/Tweets/Annotated%20Yolanda/train/1.txt,2
WE HELP IN ANY WAY WE CAN!,positive,low,sentiment,train,SEACrowd/typhoon_yolanda_tweets,2013_typhoon_yolanda,fil,yolanda-train-1-50,1,https://raw.githubusercontent.com/imperialite/Philippine-Languages-Online-Corpora/master/Tweets/Annotated%20Yolanda/train/1.txt,2
This is another way to help,positive,low,sentiment,train,SEACrowd/typhoon_yolanda_tweets,2013_typhoon_yolanda,fil,yolanda-train-1-51,1,https://raw.githubusercontent.com/imperialite/Philippine-Languages-Online-Corpora/master/Tweets/Annotated%20Yolanda/train/1.txt,2
Ang bait ng mga pinoy talaga.. ung mga drivers ng Mandaluyong naghuhulog ng piso kada byahe pantulong s yolanda victims,positive,low,sentiment,train,SEACrowd/typhoon_yolanda_tweets,2013_typhoon_yolanda,fil,yolanda-train-1-52,1,https://raw.githubusercontent.com/imperialite/Philippine-Languages-Online-Corpora/master/Tweets/Annotated%20Yolanda/train/1.txt,2
This gives me shivers,positive,low,sentiment,train,SEACrowd/typhoon_yolanda_tweets,2013_typhoon_yolanda,fil,yolanda-train-1-53,1,https://raw.githubusercontent.com/imperialite/Philippine-Languages-Online-Corpora/master/Tweets/Annotated%20Yolanda/train/1.txt,2
Tsk. Lord God never let happen again what Yolanda made in all Filipinos,positive,low,sentiment,train,SEACrowd/typhoon_yolanda_tweets,2013_typhoon_yolanda,fil,yolanda-train-1-54,1,https://raw.githubusercontent.com/imperialite/Philippine-Languages-Online-Corpora/master/Tweets/Annotated%20Yolanda/train/1.txt,2
All it takes stepping forward and someone making a stand,positive,low,sentiment,train,SEACrowd/typhoon_yolanda_tweets,2013_typhoon_yolanda,fil,yolanda-train-1-55,1,https://raw.githubusercontent.com/imperialite/Philippine-Languages-Online-Corpora/master/Tweets/Annotated%20Yolanda/train/1.txt,2
NakaPORMA Kana Naka TULONG Kapa,positive,low,sentiment,train,SEACrowd/typhoon_yolanda_tweets,2013_typhoon_yolanda,fil,yolanda-train-1-56,1,https://raw.githubusercontent.com/imperialite/Philippine-Languages-Online-Corpora/master/Tweets/Annotated%20Yolanda/train/1.txt,2
Magliliwanag rin ang ating bukas... God bless the Philippines!,positive,low,sentiment,train,SEACrowd/typhoon_yolanda_tweets,2013_typhoon_yolanda,fil,yolanda-train-1-57,1,https://raw.githubusercontent.com/imperialite/Philippine-Languages-Online-Corpora/master/Tweets/Annotated%20Yolanda/train/1.txt,2
My way of giving back. Its time for #givingtuesday . Lets all make a difference,positive,low,sentiment,train,SEACrowd/typhoon_yolanda_tweets,2013_typhoon_yolanda,fil,yolanda-train-1-58,1,https://raw.githubusercontent.com/imperialite/Philippine-Languages-Online-Corpora/master/Tweets/Annotated%20Yolanda/train/1.txt,2
Philippines may have experienced tragedies this year but I know that a breakthrough will also come,positive,low,sentiment,train,SEACrowd/typhoon_yolanda_tweets,2013_typhoon_yolanda,fil,yolanda-train-1-59,1,https://raw.githubusercontent.com/imperialite/Philippine-Languages-Online-Corpora/master/Tweets/Annotated%20Yolanda/train/1.txt,2
Hope... Sometimes that's all you have when you have nothing else. If you have it you have everything.,positive,low,sentiment,train,SEACrowd/typhoon_yolanda_tweets,2013_typhoon_yolanda,fil,yolanda-train-1-60,1,https://raw.githubusercontent.com/imperialite/Philippine-Languages-Online-Corpora/master/Tweets/Annotated%20Yolanda/train/1.txt,2
I see great waves of changes in the Philippine gov''t. Hope this is for the better,positive,low,sentiment,train,SEACrowd/typhoon_yolanda_tweets,2013_typhoon_yolanda,fil,yolanda-train-1-61,1,https://raw.githubusercontent.com/imperialite/Philippine-Languages-Online-Corpora/master/Tweets/Annotated%20Yolanda/train/1.txt,2
My shirt today. Bangon Pilipinas!,positive,low,sentiment,train,SEACrowd/typhoon_yolanda_tweets,2013_typhoon_yolanda,fil,yolanda-train-1-62,1,https://raw.githubusercontent.com/imperialite/Philippine-Languages-Online-Corpora/master/Tweets/Annotated%20Yolanda/train/1.txt,2
Thanks for helping the Philippines!! We won't forget you and we highly respect you. God bless you. Thanks so much!,positive,low,sentiment,train,SEACrowd/typhoon_yolanda_tweets,2013_typhoon_yolanda,fil,yolanda-train-1-63,1,https://raw.githubusercontent.com/imperialite/Philippine-Languages-Online-Corpora/master/Tweets/Annotated%20Yolanda/train/1.txt,2
Solidarity. Yes! I'm one of you guys,positive,low,sentiment,train,SEACrowd/typhoon_yolanda_tweets,2013_typhoon_yolanda,fil,yolanda-train-1-64,1,https://raw.githubusercontent.com/imperialite/Philippine-Languages-Online-Corpora/master/Tweets/Annotated%20Yolanda/train/1.txt,2
Sunburnt and extremely exhausted from our relief operation in the island barangays of Carles but definitely happy.,positive,low,sentiment,train,SEACrowd/typhoon_yolanda_tweets,2013_typhoon_yolanda,fil,yolanda-train-1-65,1,https://raw.githubusercontent.com/imperialite/Philippine-Languages-Online-Corpora/master/Tweets/Annotated%20Yolanda/train/1.txt,2
cancelling our year end party & instead use the budget to help people who need food water shelters etc,positive,low,sentiment,train,SEACrowd/typhoon_yolanda_tweets,2013_typhoon_yolanda,fil,yolanda-train-1-66,1,https://raw.githubusercontent.com/imperialite/Philippine-Languages-Online-Corpora/master/Tweets/Annotated%20Yolanda/train/1.txt,2
Hindi isang #Yolanda lang ang magpapabagsak sa mga pilipino,positive,low,sentiment,train,SEACrowd/typhoon_yolanda_tweets,2013_typhoon_yolanda,fil,yolanda-train-1-67,1,https://raw.githubusercontent.com/imperialite/Philippine-Languages-Online-Corpora/master/Tweets/Annotated%20Yolanda/train/1.txt,2
There will always be a silver lining,positive,low,sentiment,train,SEACrowd/typhoon_yolanda_tweets,2013_typhoon_yolanda,fil,yolanda-train-1-68,1,https://raw.githubusercontent.com/imperialite/Philippine-Languages-Online-Corpora/master/Tweets/Annotated%20Yolanda/train/1.txt,2
Behold! Greater things are yet to come!,positive,low,sentiment,train,SEACrowd/typhoon_yolanda_tweets,2013_typhoon_yolanda,fil,yolanda-train-1-69,1,https://raw.githubusercontent.com/imperialite/Philippine-Languages-Online-Corpora/master/Tweets/Annotated%20Yolanda/train/1.txt,2
30 days after Yolanda. Heroism brings Hope,positive,low,sentiment,train,SEACrowd/typhoon_yolanda_tweets,2013_typhoon_yolanda,fil,yolanda-train-1-70,1,https://raw.githubusercontent.com/imperialite/Philippine-Languages-Online-Corpora/master/Tweets/Annotated%20Yolanda/train/1.txt,2
UAAP athletes also auctioned their jerseys and some with autographs on it,positive,low,sentiment,train,SEACrowd/typhoon_yolanda_tweets,2013_typhoon_yolanda,fil,yolanda-train-1-71,1,https://raw.githubusercontent.com/imperialite/Philippine-Languages-Online-Corpora/master/Tweets/Annotated%20Yolanda/train/1.txt,2
kaya natin ito Basaynon,positive,low,sentiment,train,SEACrowd/typhoon_yolanda_tweets,2013_typhoon_yolanda,fil,yolanda-train-1-72,1,https://raw.githubusercontent.com/imperialite/Philippine-Languages-Online-Corpora/master/Tweets/Annotated%20Yolanda/train/1.txt,2
babangon ang Tacloban! kaya buhayin muli ang Tacloban ng Romualdez & Marcos kahit walang tulong ng @!#$% gobyerno!,positive,low,sentiment,train,SEACrowd/typhoon_yolanda_tweets,2013_typhoon_yolanda,fil,yolanda-train-1-73,1,https://raw.githubusercontent.com/imperialite/Philippine-Languages-Online-Corpora/master/Tweets/Annotated%20Yolanda/train/1.txt,2
TBH - Tabang Bangon Halad,positive,low,sentiment,train,SEACrowd/typhoon_yolanda_tweets,2013_typhoon_yolanda,fil,yolanda-train-1-74,1,https://raw.githubusercontent.com/imperialite/Philippine-Languages-Online-Corpora/master/Tweets/Annotated%20Yolanda/train/1.txt,2
A relationship with God is the most important relationship you can have,positive,low,sentiment,train,SEACrowd/typhoon_yolanda_tweets,2013_typhoon_yolanda,fil,yolanda-train-1-75,1,https://raw.githubusercontent.com/imperialite/Philippine-Languages-Online-Corpora/master/Tweets/Annotated%20Yolanda/train/1.txt,2
Anyone in #Tokyo #Japan ? You can help the Philippines thru this #Haiyan fundraising event,positive,low,sentiment,train,SEACrowd/typhoon_yolanda_tweets,2013_typhoon_yolanda,fil,yolanda-train-1-76,1,https://raw.githubusercontent.com/imperialite/Philippine-Languages-Online-Corpora/master/Tweets/Annotated%20Yolanda/train/1.txt,2
Everything Happens for a purpose,positive,low,sentiment,train,SEACrowd/typhoon_yolanda_tweets,2013_typhoon_yolanda,fil,yolanda-train-1-77,1,https://raw.githubusercontent.com/imperialite/Philippine-Languages-Online-Corpora/master/Tweets/Annotated%20Yolanda/train/1.txt,2
Last year is history and 2014 is a new light to start a new life,positive,low,sentiment,train,SEACrowd/typhoon_yolanda_tweets,2013_typhoon_yolanda,fil,yolanda-train-1-78,1,https://raw.githubusercontent.com/imperialite/Philippine-Languages-Online-Corpora/master/Tweets/Annotated%20Yolanda/train/1.txt,2
A lot of help coming. Hopefully it reaches all that needed it,positive,low,sentiment,train,SEACrowd/typhoon_yolanda_tweets,2013_typhoon_yolanda,fil,yolanda-train-1-79,1,https://raw.githubusercontent.com/imperialite/Philippine-Languages-Online-Corpora/master/Tweets/Annotated%20Yolanda/train/1.txt,2
My thoughts and prayers go out to those greatly affected by Yolanda. We can all help by donating or sending out our prayers,positive,low,sentiment,train,SEACrowd/typhoon_yolanda_tweets,2013_typhoon_yolanda,fil,yolanda-train-1-80,1,https://raw.githubusercontent.com/imperialite/Philippine-Languages-Online-Corpora/master/Tweets/Annotated%20Yolanda/train/1.txt,2
Thanks God you're alive! Mabuhay po kayo,positive,low,sentiment,train,SEACrowd/typhoon_yolanda_tweets,2013_typhoon_yolanda,fil,yolanda-train-1-81,1,https://raw.githubusercontent.com/imperialite/Philippine-Languages-Online-Corpora/master/Tweets/Annotated%20Yolanda/train/1.txt,2
@dinkysunflower You are an inspiration to all of us at this moment.,positive,low,sentiment,train,SEACrowd/typhoon_yolanda_tweets,2013_typhoon_yolanda,fil,yolanda-train-1-82,1,https://raw.githubusercontent.com/imperialite/Philippine-Languages-Online-Corpora/master/Tweets/Annotated%20Yolanda/train/1.txt,2
There is a power greater than storm surge. It's love surge. We're with you #YolandaSurvivors,positive,low,sentiment,train,SEACrowd/typhoon_yolanda_tweets,2013_typhoon_yolanda,fil,yolanda-train-1-83,1,https://raw.githubusercontent.com/imperialite/Philippine-Languages-Online-Corpora/master/Tweets/Annotated%20Yolanda/train/1.txt,2
Stop the blaming game. Less talk more action.,positive,low,sentiment,train,SEACrowd/typhoon_yolanda_tweets,2013_typhoon_yolanda,fil,yolanda-train-1-84,1,https://raw.githubusercontent.com/imperialite/Philippine-Languages-Online-Corpora/master/Tweets/Annotated%20Yolanda/train/1.txt,2
Manny made us all proud! Laban Pilipinas. Bangon Visayas!,positive,low,sentiment,train,SEACrowd/typhoon_yolanda_tweets,2013_typhoon_yolanda,fil,yolanda-train-1-85,1,https://raw.githubusercontent.com/imperialite/Philippine-Languages-Online-Corpora/master/Tweets/Annotated%20Yolanda/train/1.txt,2
Thank you British Navy,positive,low,sentiment,train,SEACrowd/typhoon_yolanda_tweets,2013_typhoon_yolanda,fil,yolanda-train-1-86,1,https://raw.githubusercontent.com/imperialite/Philippine-Languages-Online-Corpora/master/Tweets/Annotated%20Yolanda/train/1.txt,2
Tough times never last but tough people do,positive,low,sentiment,train,SEACrowd/typhoon_yolanda_tweets,2013_typhoon_yolanda,fil,yolanda-train-1-87,1,https://raw.githubusercontent.com/imperialite/Philippine-Languages-Online-Corpora/master/Tweets/Annotated%20Yolanda/train/1.txt,2
To you O lord we lift our prayers and petitions to the victims of typhoon Yolanda. We pray now for our countrymen. Amen,positive,low,sentiment,train,SEACrowd/typhoon_yolanda_tweets,2013_typhoon_yolanda,fil,yolanda-train-1-88,1,https://raw.githubusercontent.com/imperialite/Philippine-Languages-Online-Corpora/master/Tweets/Annotated%20Yolanda/train/1.txt,2
NEED HELP!!! We have relief goods here in Seattle,positive,low,sentiment,train,SEACrowd/typhoon_yolanda_tweets,2013_typhoon_yolanda,fil,yolanda-train-1-89,1,https://raw.githubusercontent.com/imperialite/Philippine-Languages-Online-Corpora/master/Tweets/Annotated%20Yolanda/train/1.txt,2
Let Your hope arise and be the light into the eyes of the hopeless.,positive,low,sentiment,train,SEACrowd/typhoon_yolanda_tweets,2013_typhoon_yolanda,fil,yolanda-train-1-90,1,https://raw.githubusercontent.com/imperialite/Philippine-Languages-Online-Corpora/master/Tweets/Annotated%20Yolanda/train/1.txt,2
hope for this Christmas,positive,low,sentiment,train,SEACrowd/typhoon_yolanda_tweets,2013_typhoon_yolanda,fil,yolanda-train-1-91,1,https://raw.githubusercontent.com/imperialite/Philippine-Languages-Online-Corpora/master/Tweets/Annotated%20Yolanda/train/1.txt,2
All of these are for Yolanda victims. Please not now government. It's not for your pockets,positive,low,sentiment,train,SEACrowd/typhoon_yolanda_tweets,2013_typhoon_yolanda,fil,yolanda-train-1-92,1,https://raw.githubusercontent.com/imperialite/Philippine-Languages-Online-Corpora/master/Tweets/Annotated%20Yolanda/train/1.txt,2
Just bought tulong shirt for the whole familia,positive,low,sentiment,train,SEACrowd/typhoon_yolanda_tweets,2013_typhoon_yolanda,fil,yolanda-train-1-93,1,https://raw.githubusercontent.com/imperialite/Philippine-Languages-Online-Corpora/master/Tweets/Annotated%20Yolanda/train/1.txt,2
The world needs us. Magkawang gawa na tayo lahat,positive,low,sentiment,train,SEACrowd/typhoon_yolanda_tweets,2013_typhoon_yolanda,fil,yolanda-train-1-94,1,https://raw.githubusercontent.com/imperialite/Philippine-Languages-Online-Corpora/master/Tweets/Annotated%20Yolanda/train/1.txt,2
Nakuha kna din un damit ahaha nakatulong na ako,positive,low,sentiment,train,SEACrowd/typhoon_yolanda_tweets,2013_typhoon_yolanda,fil,yolanda-train-1-95,1,https://raw.githubusercontent.com/imperialite/Philippine-Languages-Online-Corpora/master/Tweets/Annotated%20Yolanda/train/1.txt,2
Aww the typhoon victims are happy just for a day. Thank you Manny Pacquiao for being an inspiration to rise up.,positive,low,sentiment,train,SEACrowd/typhoon_yolanda_tweets,2013_typhoon_yolanda,fil,yolanda-train-1-96,1,https://raw.githubusercontent.com/imperialite/Philippine-Languages-Online-Corpora/master/Tweets/Annotated%20Yolanda/train/1.txt,2
If you have money to spare clothes that you don't use anymore or groceries now is the right time to help those in need,positive,low,sentiment,train,SEACrowd/typhoon_yolanda_tweets,2013_typhoon_yolanda,fil,yolanda-train-1-97,1,https://raw.githubusercontent.com/imperialite/Philippine-Languages-Online-Corpora/master/Tweets/Annotated%20Yolanda/train/1.txt,2
Maraming salamat sa lahat na patuloy na tumutulong upang kami ay makabangon! God bless you all!,positive,low,sentiment,train,SEACrowd/typhoon_yolanda_tweets,2013_typhoon_yolanda,fil,yolanda-train-1-98,1,https://raw.githubusercontent.com/imperialite/Philippine-Languages-Online-Corpora/master/Tweets/Annotated%20Yolanda/train/1.txt,2
Thank you world for extending more than a helping hand to all the victims of #YolandaPH ! Utmost,positive,low,sentiment,train,SEACrowd/typhoon_yolanda_tweets,2013_typhoon_yolanda,fil,yolanda-train-1-99,1,https://raw.githubusercontent.com/imperialite/Philippine-Languages-Online-Corpora/master/Tweets/Annotated%20Yolanda/train/1.txt,2
It's not about what you've lost. It's about what you still have that matters.,positive,low,sentiment,train,SEACrowd/typhoon_yolanda_tweets,2013_typhoon_yolanda,fil,yolanda-train-1-100,1,https://raw.githubusercontent.com/imperialite/Philippine-Languages-Online-Corpora/master/Tweets/Annotated%20Yolanda/train/1.txt,2
Thy Will be Done,positive,low,sentiment,train,SEACrowd/typhoon_yolanda_tweets,2013_typhoon_yolanda,fil,yolanda-train-1-101,1,https://raw.githubusercontent.com/imperialite/Philippine-Languages-Online-Corpora/master/Tweets/Annotated%20Yolanda/train/1.txt,2
In every strong storm is a big blessing from God :D Goodmorning December,positive,low,sentiment,train,SEACrowd/typhoon_yolanda_tweets,2013_typhoon_yolanda,fil,yolanda-train-1-102,1,https://raw.githubusercontent.com/imperialite/Philippine-Languages-Online-Corpora/master/Tweets/Annotated%20Yolanda/train/1.txt,2
There's no space for any negativity right now where people suffer with heavy hearts & empty stomachs. So give what you can,positive,low,sentiment,train,SEACrowd/typhoon_yolanda_tweets,2013_typhoon_yolanda,fil,yolanda-train-1-103,1,https://raw.githubusercontent.com/imperialite/Philippine-Languages-Online-Corpora/master/Tweets/Annotated%20Yolanda/train/1.txt,2
Heroes. In times of despair heroes emerge.,positive,low,sentiment,train,SEACrowd/typhoon_yolanda_tweets,2013_typhoon_yolanda,fil,yolanda-train-1-104,1,https://raw.githubusercontent.com/imperialite/Philippine-Languages-Online-Corpora/master/Tweets/Annotated%20Yolanda/train/1.txt,2
Still thankful here in Cebu. May God continue to protect Tacloban,positive,low,sentiment,train,SEACrowd/typhoon_yolanda_tweets,2013_typhoon_yolanda,fil,yolanda-train-1-105,1,https://raw.githubusercontent.com/imperialite/Philippine-Languages-Online-Corpora/master/Tweets/Annotated%20Yolanda/train/1.txt,2
May this be everyone's prayer,positive,low,sentiment,train,SEACrowd/typhoon_yolanda_tweets,2013_typhoon_yolanda,fil,yolanda-train-1-106,1,https://raw.githubusercontent.com/imperialite/Philippine-Languages-Online-Corpora/master/Tweets/Annotated%20Yolanda/train/1.txt,2
Hay naku nakakairita ang mga balita. Ipagdasal natin ang ating bansa.,positive,low,sentiment,train,SEACrowd/typhoon_yolanda_tweets,2013_typhoon_yolanda,fil,yolanda-train-1-107,1,https://raw.githubusercontent.com/imperialite/Philippine-Languages-Online-Corpora/master/Tweets/Annotated%20Yolanda/train/1.txt,2
Jesus Christ is our Redeemer,positive,low,sentiment,train,SEACrowd/typhoon_yolanda_tweets,2013_typhoon_yolanda,fil,yolanda-train-1-108,1,https://raw.githubusercontent.com/imperialite/Philippine-Languages-Online-Corpora/master/Tweets/Annotated%20Yolanda/train/1.txt,2
Despite these F.E.W. (Floods Earthquake War) disasters the Filipino spirit will stay strong.,positive,low,sentiment,train,SEACrowd/typhoon_yolanda_tweets,2013_typhoon_yolanda,fil,yolanda-train-1-109,1,https://raw.githubusercontent.com/imperialite/Philippine-Languages-Online-Corpora/master/Tweets/Annotated%20Yolanda/train/1.txt,2
WE SHALL RISE AGAIN.,positive,low,sentiment,train,SEACrowd/typhoon_yolanda_tweets,2013_typhoon_yolanda,fil,yolanda-train-1-110,1,https://raw.githubusercontent.com/imperialite/Philippine-Languages-Online-Corpora/master/Tweets/Annotated%20Yolanda/train/1.txt,2
Prayer is the best medicine,positive,low,sentiment,train,SEACrowd/typhoon_yolanda_tweets,2013_typhoon_yolanda,fil,yolanda-train-1-111,1,https://raw.githubusercontent.com/imperialite/Philippine-Languages-Online-Corpora/master/Tweets/Annotated%20Yolanda/train/1.txt,2
I know you try so hard to make things right to overcome this endless fight..Just don't give up,positive,low,sentiment,train,SEACrowd/typhoon_yolanda_tweets,2013_typhoon_yolanda,fil,yolanda-train-1-112,1,https://raw.githubusercontent.com/imperialite/Philippine-Languages-Online-Corpora/master/Tweets/Annotated%20Yolanda/train/1.txt,2
People are stealing and looting already.I hope they will send military security to look into the city,positive,low,sentiment,train,SEACrowd/typhoon_yolanda_tweets,2013_typhoon_yolanda,fil,yolanda-train-1-113,1,https://raw.githubusercontent.com/imperialite/Philippine-Languages-Online-Corpora/master/Tweets/Annotated%20Yolanda/train/1.txt,2
Sunrise at Sta. Fe Bantayan. There will always be hope,positive,low,sentiment,train,SEACrowd/typhoon_yolanda_tweets,2013_typhoon_yolanda,fil,yolanda-train-1-114,1,https://raw.githubusercontent.com/imperialite/Philippine-Languages-Online-Corpora/master/Tweets/Annotated%20Yolanda/train/1.txt,2
Big or small your effort will go a long way,positive,low,sentiment,train,SEACrowd/typhoon_yolanda_tweets,2013_typhoon_yolanda,fil,yolanda-train-1-115,1,https://raw.githubusercontent.com/imperialite/Philippine-Languages-Online-Corpora/master/Tweets/Annotated%20Yolanda/train/1.txt,2
Lotsa United Nations People in the airport!! Galeeeng!! Thank You so much for your help,positive,low,sentiment,train,SEACrowd/typhoon_yolanda_tweets,2013_typhoon_yolanda,fil,yolanda-train-1-116,1,https://raw.githubusercontent.com/imperialite/Philippine-Languages-Online-Corpora/master/Tweets/Annotated%20Yolanda/train/1.txt,2
Maraming salamat sa lahat ng mga bayani!,positive,low,sentiment,train,SEACrowd/typhoon_yolanda_tweets,2013_typhoon_yolanda,fil,yolanda-train-1-117,1,https://raw.githubusercontent.com/imperialite/Philippine-Languages-Online-Corpora/master/Tweets/Annotated%20Yolanda/train/1.txt,2
Pampalakas ng loob! Go Pinoy! Bangon Pilipinas!,positive,low,sentiment,train,SEACrowd/typhoon_yolanda_tweets,2013_typhoon_yolanda,fil,yolanda-train-1-118,1,https://raw.githubusercontent.com/imperialite/Philippine-Languages-Online-Corpora/master/Tweets/Annotated%20Yolanda/train/1.txt,2
Done packing relief goods with my batchmates. Uhuh! :)) Masakit sa braso pero ang sayang makatulong,positive,low,sentiment,train,SEACrowd/typhoon_yolanda_tweets,2013_typhoon_yolanda,fil,yolanda-train-1-119,1,https://raw.githubusercontent.com/imperialite/Philippine-Languages-Online-Corpora/master/Tweets/Annotated%20Yolanda/train/1.txt,2
Putting smiles. Giving hope this Christmas.,positive,low,sentiment,train,SEACrowd/typhoon_yolanda_tweets,2013_typhoon_yolanda,fil,yolanda-train-1-120,1,https://raw.githubusercontent.com/imperialite/Philippine-Languages-Online-Corpora/master/Tweets/Annotated%20Yolanda/train/1.txt,2
@justinbieber we filipinos are impressed and most of all thankful,positive,low,sentiment,train,SEACrowd/typhoon_yolanda_tweets,2013_typhoon_yolanda,fil,yolanda-train-1-121,1,https://raw.githubusercontent.com/imperialite/Philippine-Languages-Online-Corpora/master/Tweets/Annotated%20Yolanda/train/1.txt,2
One Nation in #Prayer - Isang Bansa Isang Panalangin. Monday Jan 20 5PM Malacanang Palace,positive,low,sentiment,train,SEACrowd/typhoon_yolanda_tweets,2013_typhoon_yolanda,fil,yolanda-train-1-122,1,https://raw.githubusercontent.com/imperialite/Philippine-Languages-Online-Corpora/master/Tweets/Annotated%20Yolanda/train/1.txt,2
January 20 2014. Yes today @5pm. Let's pray for the Philippines,positive,low,sentiment,train,SEACrowd/typhoon_yolanda_tweets,2013_typhoon_yolanda,fil,yolanda-train-1-123,1,https://raw.githubusercontent.com/imperialite/Philippine-Languages-Online-Corpora/master/Tweets/Annotated%20Yolanda/train/1.txt,2
No one has ever become poor from giving,positive,low,sentiment,train,SEACrowd/typhoon_yolanda_tweets,2013_typhoon_yolanda,fil,yolanda-train-1-124,1,https://raw.githubusercontent.com/imperialite/Philippine-Languages-Online-Corpora/master/Tweets/Annotated%20Yolanda/train/1.txt,2
Thank you very much po Australia. God bless you po,positive,low,sentiment,train,SEACrowd/typhoon_yolanda_tweets,2013_typhoon_yolanda,fil,yolanda-train-1-125,1,https://raw.githubusercontent.com/imperialite/Philippine-Languages-Online-Corpora/master/Tweets/Annotated%20Yolanda/train/1.txt,2
A very Inspiring Video for Everyone,positive,low,sentiment,train,SEACrowd/typhoon_yolanda_tweets,2013_typhoon_yolanda,fil,yolanda-train-1-126,1,https://raw.githubusercontent.com/imperialite/Philippine-Languages-Online-Corpora/master/Tweets/Annotated%20Yolanda/train/1.txt,2
We are so blessed,positive,low,sentiment,train,SEACrowd/typhoon_yolanda_tweets,2013_typhoon_yolanda,fil,yolanda-train-1-127,1,https://raw.githubusercontent.com/imperialite/Philippine-Languages-Online-Corpora/master/Tweets/Annotated%20Yolanda/train/1.txt,2
Count your smiles instead of your tears count your courage instead of your fears,positive,low,sentiment,train,SEACrowd/typhoon_yolanda_tweets,2013_typhoon_yolanda,fil,yolanda-train-1-128,1,https://raw.githubusercontent.com/imperialite/Philippine-Languages-Online-Corpora/master/Tweets/Annotated%20Yolanda/train/1.txt,2
Thank you so much @justinbieber for the hope courage and love for our Yolanda survivors!,positive,low,sentiment,train,SEACrowd/typhoon_yolanda_tweets,2013_typhoon_yolanda,fil,yolanda-train-1-129,1,https://raw.githubusercontent.com/imperialite/Philippine-Languages-Online-Corpora/master/Tweets/Annotated%20Yolanda/train/1.txt,2
This is our team our family wen the country calls for help we lend our hands no questions asked,positive,low,sentiment,train,SEACrowd/typhoon_yolanda_tweets,2013_typhoon_yolanda,fil,yolanda-train-1-130,1,https://raw.githubusercontent.com/imperialite/Philippine-Languages-Online-Corpora/master/Tweets/Annotated%20Yolanda/train/1.txt,2
Lahat kakayanin basta sama-sama,positive,low,sentiment,train,SEACrowd/typhoon_yolanda_tweets,2013_typhoon_yolanda,fil,yolanda-train-1-131,1,https://raw.githubusercontent.com/imperialite/Philippine-Languages-Online-Corpora/master/Tweets/Annotated%20Yolanda/train/1.txt,2
Welcome December ! Share LOVE lets not forgot our brothers still struggling after super typhoon,positive,low,sentiment,train,SEACrowd/typhoon_yolanda_tweets,2013_typhoon_yolanda,fil,yolanda-train-1-132,1,https://raw.githubusercontent.com/imperialite/Philippine-Languages-Online-Corpora/master/Tweets/Annotated%20Yolanda/train/1.txt,2
Overwhelming support from all over the world! Thank you Empire State Bldg for lighting our hearts and our desire to move on,positive,low,sentiment,train,SEACrowd/typhoon_yolanda_tweets,2013_typhoon_yolanda,fil,yolanda-train-1-133,1,https://raw.githubusercontent.com/imperialite/Philippine-Languages-Online-Corpora/master/Tweets/Annotated%20Yolanda/train/1.txt,2
Your donations will change lives. Let's continue supporting the Philippine Red Cross!,positive,low,sentiment,train,SEACrowd/typhoon_yolanda_tweets,2013_typhoon_yolanda,fil,yolanda-train-1-134,1,https://raw.githubusercontent.com/imperialite/Philippine-Languages-Online-Corpora/master/Tweets/Annotated%20Yolanda/train/1.txt,2
Hindi hadlang ang luha para tayo sumuko Dahil bawat pag patak nito Lalong nag-aalab ang damdamin Ng isang mapagmahal na Pilipino,positive,low,sentiment,train,SEACrowd/typhoon_yolanda_tweets,2013_typhoon_yolanda,fil,yolanda-train-1-135,1,https://raw.githubusercontent.com/imperialite/Philippine-Languages-Online-Corpora/master/Tweets/Annotated%20Yolanda/train/1.txt,2
Tulong na Tabang na!,positive,low,sentiment,train,SEACrowd/typhoon_yolanda_tweets,2013_typhoon_yolanda,fil,yolanda-train-1-136,1,https://raw.githubusercontent.com/imperialite/Philippine-Languages-Online-Corpora/master/Tweets/Annotated%20Yolanda/train/1.txt,2
So nice to witness bayanihan here sa campus. Sa mga ganahan pa mu-help you can drop ur donations here sa UP Cebu,positive,low,sentiment,train,SEACrowd/typhoon_yolanda_tweets,2013_typhoon_yolanda,fil,yolanda-train-1-137,1,https://raw.githubusercontent.com/imperialite/Philippine-Languages-Online-Corpora/master/Tweets/Annotated%20Yolanda/train/1.txt,2
We will rise again and that's what happened.,positive,low,sentiment,train,SEACrowd/typhoon_yolanda_tweets,2013_typhoon_yolanda,fil,yolanda-train-1-138,1,https://raw.githubusercontent.com/imperialite/Philippine-Languages-Online-Corpora/master/Tweets/Annotated%20Yolanda/train/1.txt,2
@PHL_Malditas: This one is for Tacloban,positive,low,sentiment,train,SEACrowd/typhoon_yolanda_tweets,2013_typhoon_yolanda,fil,yolanda-train-1-139,1,https://raw.githubusercontent.com/imperialite/Philippine-Languages-Online-Corpora/master/Tweets/Annotated%20Yolanda/train/1.txt,2
Seen in Ormoc City: Roofless Homeless but never Hopeless,positive,low,sentiment,train,SEACrowd/typhoon_yolanda_tweets,2013_typhoon_yolanda,fil,yolanda-train-1-140,1,https://raw.githubusercontent.com/imperialite/Philippine-Languages-Online-Corpora/master/Tweets/Annotated%20Yolanda/train/1.txt,2
It amazes me how everyone all over the world is trying to help out the Philippines. Thank you,positive,low,sentiment,train,SEACrowd/typhoon_yolanda_tweets,2013_typhoon_yolanda,fil,yolanda-train-1-141,1,https://raw.githubusercontent.com/imperialite/Philippine-Languages-Online-Corpora/master/Tweets/Annotated%20Yolanda/train/1.txt,2
Itulog nalang natin lahat whoa,positive,low,sentiment,train,SEACrowd/typhoon_yolanda_tweets,2013_typhoon_yolanda,fil,yolanda-train-1-142,1,https://raw.githubusercontent.com/imperialite/Philippine-Languages-Online-Corpora/master/Tweets/Annotated%20Yolanda/train/1.txt,2
We're so blessed to have you back here in the Philippines. Thankyou for helping,positive,low,sentiment,train,SEACrowd/typhoon_yolanda_tweets,2013_typhoon_yolanda,fil,yolanda-train-1-143,1,https://raw.githubusercontent.com/imperialite/Philippine-Languages-Online-Corpora/master/Tweets/Annotated%20Yolanda/train/1.txt,2
Prayers will do. Nothing is Impossible with GOD,positive,low,sentiment,train,SEACrowd/typhoon_yolanda_tweets,2013_typhoon_yolanda,fil,yolanda-train-1-144,1,https://raw.githubusercontent.com/imperialite/Philippine-Languages-Online-Corpora/master/Tweets/Annotated%20Yolanda/train/1.txt,2
Masakit ang katawan pero busog ang puso,positive,low,sentiment,train,SEACrowd/typhoon_yolanda_tweets,2013_typhoon_yolanda,fil,yolanda-train-1-145,1,https://raw.githubusercontent.com/imperialite/Philippine-Languages-Online-Corpora/master/Tweets/Annotated%20Yolanda/train/1.txt,2
Lending hands for the Yolanda victims,positive,low,sentiment,train,SEACrowd/typhoon_yolanda_tweets,2013_typhoon_yolanda,fil,yolanda-train-1-146,1,https://raw.githubusercontent.com/imperialite/Philippine-Languages-Online-Corpora/master/Tweets/Annotated%20Yolanda/train/1.txt,2
There is hope for this nation,positive,low,sentiment,train,SEACrowd/typhoon_yolanda_tweets,2013_typhoon_yolanda,fil,yolanda-train-1-147,1,https://raw.githubusercontent.com/imperialite/Philippine-Languages-Online-Corpora/master/Tweets/Annotated%20Yolanda/train/1.txt,2
To the spirit of the Filipino people especially those affected by Yolanda Manny's victory is d biggest relief gift yet!,positive,low,sentiment,train,SEACrowd/typhoon_yolanda_tweets,2013_typhoon_yolanda,fil,yolanda-train-1-148,1,https://raw.githubusercontent.com/imperialite/Philippine-Languages-Online-Corpora/master/Tweets/Annotated%20Yolanda/train/1.txt,2
I really want to help the victims of #YolandaPH kng pwd mo larga padong ddto I WILL,positive,low,sentiment,train,SEACrowd/typhoon_yolanda_tweets,2013_typhoon_yolanda,fil,yolanda-train-1-149,1,https://raw.githubusercontent.com/imperialite/Philippine-Languages-Online-Corpora/master/Tweets/Annotated%20Yolanda/train/1.txt,2
I really admire Pau Gasol for the help he is doing for the victim of typhoon. I Salute you sir @paugasol,positive,low,sentiment,train,SEACrowd/typhoon_yolanda_tweets,2013_typhoon_yolanda,fil,yolanda-train-1-150,1,https://raw.githubusercontent.com/imperialite/Philippine-Languages-Online-Corpora/master/Tweets/Annotated%20Yolanda/train/1.txt,2
@MisterDonut_PH donated 1000 donuts to the victims of typhoon #YolandaPH . Thank you!,positive,low,sentiment,train,SEACrowd/typhoon_yolanda_tweets,2013_typhoon_yolanda,fil,yolanda-train-1-151,1,https://raw.githubusercontent.com/imperialite/Philippine-Languages-Online-Corpora/master/Tweets/Annotated%20Yolanda/train/1.txt,2
You're the man sir. Thank you so much.,positive,low,sentiment,train,SEACrowd/typhoon_yolanda_tweets,2013_typhoon_yolanda,fil,yolanda-train-1-152,1,https://raw.githubusercontent.com/imperialite/Philippine-Languages-Online-Corpora/master/Tweets/Annotated%20Yolanda/train/1.txt,2
im going to donate some of my old clothes to my kababayan in Tacloban,positive,low,sentiment,train,SEACrowd/typhoon_yolanda_tweets,2013_typhoon_yolanda,fil,yolanda-train-1-153,1,https://raw.githubusercontent.com/imperialite/Philippine-Languages-Online-Corpora/master/Tweets/Annotated%20Yolanda/train/1.txt,2
Yehey! SA isang simpleng puting damit na ito NAKATULONG na ako!,positive,low,sentiment,train,SEACrowd/typhoon_yolanda_tweets,2013_typhoon_yolanda,fil,yolanda-train-1-154,1,https://raw.githubusercontent.com/imperialite/Philippine-Languages-Online-Corpora/master/Tweets/Annotated%20Yolanda/train/1.txt,2
your just a super typhoon.. were FILIPINOS. were Fighters,positive,low,sentiment,train,SEACrowd/typhoon_yolanda_tweets,2013_typhoon_yolanda,fil,yolanda-train-1-155,1,https://raw.githubusercontent.com/imperialite/Philippine-Languages-Online-Corpora/master/Tweets/Annotated%20Yolanda/train/1.txt,2
"When the world says give up"". Hope says ""try it one more time"".",positive,low,sentiment,train,SEACrowd/typhoon_yolanda_tweets,2013_typhoon_yolanda,fil,yolanda-train-1-156,1,https://raw.githubusercontent.com/imperialite/Philippine-Languages-Online-Corpora/master/Tweets/Annotated%20Yolanda/train/1.txt,2
Not a Justin Bieber fan but what he did for #YolandaPH survivors...kudos! Even my nanay can't believe it's really him,positive,low,sentiment,train,SEACrowd/typhoon_yolanda_tweets,2013_typhoon_yolanda,fil,yolanda-train-1-157,1,https://raw.githubusercontent.com/imperialite/Philippine-Languages-Online-Corpora/master/Tweets/Annotated%20Yolanda/train/1.txt,2
God is more POWERFUL than these disasters. Filipinos are Stronger than these Typhoons. WE ARE,positive,low,sentiment,train,SEACrowd/typhoon_yolanda_tweets,2013_typhoon_yolanda,fil,yolanda-train-1-158,1,https://raw.githubusercontent.com/imperialite/Philippine-Languages-Online-Corpora/master/Tweets/Annotated%20Yolanda/train/1.txt,2
God has a wonderful way of turning negatives into positives,positive,low,sentiment,train,SEACrowd/typhoon_yolanda_tweets,2013_typhoon_yolanda,fil,yolanda-train-1-159,1,https://raw.githubusercontent.com/imperialite/Philippine-Languages-Online-Corpora/master/Tweets/Annotated%20Yolanda/train/1.txt,2
For every purchase of #BangonPilipinas shirt 100% of the profit goes to the Roof for Relief project,positive,low,sentiment,train,SEACrowd/typhoon_yolanda_tweets,2013_typhoon_yolanda,fil,yolanda-train-1-160,1,https://raw.githubusercontent.com/imperialite/Philippine-Languages-Online-Corpora/master/Tweets/Annotated%20Yolanda/train/1.txt,2
Yahoo... Got the shirt for the Sagip Kapamilya,positive,low,sentiment,train,SEACrowd/typhoon_yolanda_tweets,2013_typhoon_yolanda,fil,yolanda-train-1-161,1,https://raw.githubusercontent.com/imperialite/Philippine-Languages-Online-Corpora/master/Tweets/Annotated%20Yolanda/train/1.txt,2
Kht cno kht ano bsta sama-sama tayo malalagpasan natin to,positive,low,sentiment,train,SEACrowd/typhoon_yolanda_tweets,2013_typhoon_yolanda,fil,yolanda-train-1-162,1,https://raw.githubusercontent.com/imperialite/Philippine-Languages-Online-Corpora/master/Tweets/Annotated%20Yolanda/train/1.txt,2
My other favorite city. I NY,positive,low,sentiment,train,SEACrowd/typhoon_yolanda_tweets,2013_typhoon_yolanda,fil,yolanda-train-1-163,1,https://raw.githubusercontent.com/imperialite/Philippine-Languages-Online-Corpora/master/Tweets/Annotated%20Yolanda/train/1.txt,2
Thank you from the bottom of our hearts for the outpouring of support. May kindness prevail!,positive,low,sentiment,train,SEACrowd/typhoon_yolanda_tweets,2013_typhoon_yolanda,fil,yolanda-train-1-164,1,https://raw.githubusercontent.com/imperialite/Philippine-Languages-Online-Corpora/master/Tweets/Annotated%20Yolanda/train/1.txt,2
Decided not to sell the clothes I'm not using anymore. Will just give it to those affected by the tragedy,positive,low,sentiment,train,SEACrowd/typhoon_yolanda_tweets,2013_typhoon_yolanda,fil,yolanda-train-1-165,1,https://raw.githubusercontent.com/imperialite/Philippine-Languages-Online-Corpora/master/Tweets/Annotated%20Yolanda/train/1.txt,2
Ganyan lang tayo. Nalulugmok man bumabangon din. Hindi lang #BangonPilipinas kundi #MabuhayPilipinas,positive,low,sentiment,train,SEACrowd/typhoon_yolanda_tweets,2013_typhoon_yolanda,fil,yolanda-train-1-166,1,https://raw.githubusercontent.com/imperialite/Philippine-Languages-Online-Corpora/master/Tweets/Annotated%20Yolanda/train/1.txt,2
The devastation now stays just at the background the centerpiece is their beaming smile.,positive,low,sentiment,train,SEACrowd/typhoon_yolanda_tweets,2013_typhoon_yolanda,fil,yolanda-train-1-167,1,https://raw.githubusercontent.com/imperialite/Philippine-Languages-Online-Corpora/master/Tweets/Annotated%20Yolanda/train/1.txt,2
We are Filipino one heart one nation no obstacle can stop us from moving,positive,low,sentiment,train,SEACrowd/typhoon_yolanda_tweets,2013_typhoon_yolanda,fil,yolanda-train-1-168,1,https://raw.githubusercontent.com/imperialite/Philippine-Languages-Online-Corpora/master/Tweets/Annotated%20Yolanda/train/1.txt,2
Our deepest gratitude to all of you. God bless your team,positive,low,sentiment,train,SEACrowd/typhoon_yolanda_tweets,2013_typhoon_yolanda,fil,yolanda-train-1-169,1,https://raw.githubusercontent.com/imperialite/Philippine-Languages-Online-Corpora/master/Tweets/Annotated%20Yolanda/train/1.txt,2
"Love is infectious and the greatest healing energy!"" We can do this together.",positive,low,sentiment,train,SEACrowd/typhoon_yolanda_tweets,2013_typhoon_yolanda,fil,yolanda-train-1-170,1,https://raw.githubusercontent.com/imperialite/Philippine-Languages-Online-Corpora/master/Tweets/Annotated%20Yolanda/train/1.txt,2
Wow 10 trucks na puno ng relief goods galing south cotabato ang pumunta dito sa antique..thank you po,positive,low,sentiment,train,SEACrowd/typhoon_yolanda_tweets,2013_typhoon_yolanda,fil,yolanda-train-1-171,1,https://raw.githubusercontent.com/imperialite/Philippine-Languages-Online-Corpora/master/Tweets/Annotated%20Yolanda/train/1.txt,2
Internet access is back. Happy New Year everyone. May 2014 be another blessed year to us,positive,low,sentiment,train,SEACrowd/typhoon_yolanda_tweets,2013_typhoon_yolanda,fil,yolanda-train-1-172,1,https://raw.githubusercontent.com/imperialite/Philippine-Languages-Online-Corpora/master/Tweets/Annotated%20Yolanda/train/1.txt,2
Good luck kids pakabait kayo ha,positive,low,sentiment,train,SEACrowd/typhoon_yolanda_tweets,2013_typhoon_yolanda,fil,yolanda-train-1-173,1,https://raw.githubusercontent.com/imperialite/Philippine-Languages-Online-Corpora/master/Tweets/Annotated%20Yolanda/train/1.txt,2
Those smiles..... PRICELESS.,positive,low,sentiment,train,SEACrowd/typhoon_yolanda_tweets,2013_typhoon_yolanda,fil,yolanda-train-1-174,1,https://raw.githubusercontent.com/imperialite/Philippine-Languages-Online-Corpora/master/Tweets/Annotated%20Yolanda/train/1.txt,2
nakakatuwa na nagtutulungan lahat para sa pilipinas,positive,low,sentiment,train,SEACrowd/typhoon_yolanda_tweets,2013_typhoon_yolanda,fil,yolanda-train-1-175,1,https://raw.githubusercontent.com/imperialite/Philippine-Languages-Online-Corpora/master/Tweets/Annotated%20Yolanda/train/1.txt,2
so inspiring and moving! would love to hear Filipino artists sing this,positive,low,sentiment,train,SEACrowd/typhoon_yolanda_tweets,2013_typhoon_yolanda,fil,yolanda-train-1-176,1,https://raw.githubusercontent.com/imperialite/Philippine-Languages-Online-Corpora/master/Tweets/Annotated%20Yolanda/train/1.txt,2
We are always stronger together. Good morning Philippines. God bless us all today,positive,low,sentiment,train,SEACrowd/typhoon_yolanda_tweets,2013_typhoon_yolanda,fil,yolanda-train-1-177,1,https://raw.githubusercontent.com/imperialite/Philippine-Languages-Online-Corpora/master/Tweets/Annotated%20Yolanda/train/1.txt,2
We survived Yolanda,positive,low,sentiment,train,SEACrowd/typhoon_yolanda_tweets,2013_typhoon_yolanda,fil,yolanda-train-1-178,1,https://raw.githubusercontent.com/imperialite/Philippine-Languages-Online-Corpora/master/Tweets/Annotated%20Yolanda/train/1.txt,2
Going to a relief ops tom :) so glad we're given the chance to help out!,positive,low,sentiment,train,SEACrowd/typhoon_yolanda_tweets,2013_typhoon_yolanda,fil,yolanda-train-1-179,1,https://raw.githubusercontent.com/imperialite/Philippine-Languages-Online-Corpora/master/Tweets/Annotated%20Yolanda/train/1.txt,2
Hi Kuya @DouthitMarcus how many points today? I'm donating P20 for every point you score in the SEAG,positive,low,sentiment,train,SEACrowd/typhoon_yolanda_tweets,2013_typhoon_yolanda,fil,yolanda-train-1-180,1,https://raw.githubusercontent.com/imperialite/Philippine-Languages-Online-Corpora/master/Tweets/Annotated%20Yolanda/train/1.txt,2
Day 1: Tacloban relief operation. Despite their condition people remain positive,positive,low,sentiment,train,SEACrowd/typhoon_yolanda_tweets,2013_typhoon_yolanda,fil,yolanda-train-1-181,1,https://raw.githubusercontent.com/imperialite/Philippine-Languages-Online-Corpora/master/Tweets/Annotated%20Yolanda/train/1.txt,2
MAG DASAL PO TAYO PARA SA KALIGTASAN NG LAHAT NG MGA APEKTADONG LUGAR NG BAGYO,positive,low,sentiment,train,SEACrowd/typhoon_yolanda_tweets,2013_typhoon_yolanda,fil,yolanda-train-1-182,1,https://raw.githubusercontent.com/imperialite/Philippine-Languages-Online-Corpora/master/Tweets/Annotated%20Yolanda/train/1.txt,2
Faith in humanity restored,positive,low,sentiment,train,SEACrowd/typhoon_yolanda_tweets,2013_typhoon_yolanda,fil,yolanda-train-1-183,1,https://raw.githubusercontent.com/imperialite/Philippine-Languages-Online-Corpora/master/Tweets/Annotated%20Yolanda/train/1.txt,2
we will rise again,positive,low,sentiment,train,SEACrowd/typhoon_yolanda_tweets,2013_typhoon_yolanda,fil,yolanda-train-1-184,1,https://raw.githubusercontent.com/imperialite/Philippine-Languages-Online-Corpora/master/Tweets/Annotated%20Yolanda/train/1.txt,2
"One Run Flag Nation and Nutrition"" tomorrow",positive,low,sentiment,train,SEACrowd/typhoon_yolanda_tweets,2013_typhoon_yolanda,fil,yolanda-train-1-185,1,https://raw.githubusercontent.com/imperialite/Philippine-Languages-Online-Corpora/master/Tweets/Annotated%20Yolanda/train/1.txt,2
BAGYO ka lang YOLANDA. PINOY KAMI,positive,low,sentiment,train,SEACrowd/typhoon_yolanda_tweets,2013_typhoon_yolanda,fil,yolanda-train-1-186,1,https://raw.githubusercontent.com/imperialite/Philippine-Languages-Online-Corpora/master/Tweets/Annotated%20Yolanda/train/1.txt,2
I've never seen this country so united in fighting this giant crisis it's facing.,positive,low,sentiment,train,SEACrowd/typhoon_yolanda_tweets,2013_typhoon_yolanda,fil,yolanda-train-1-187,1,https://raw.githubusercontent.com/imperialite/Philippine-Languages-Online-Corpora/master/Tweets/Annotated%20Yolanda/train/1.txt,2
Bagyo ka lang Pilipino kami,positive,low,sentiment,train,SEACrowd/typhoon_yolanda_tweets,2013_typhoon_yolanda,fil,yolanda-train-1-188,1,https://raw.githubusercontent.com/imperialite/Philippine-Languages-Online-Corpora/master/Tweets/Annotated%20Yolanda/train/1.txt,2
True spirit of HUMANITY,positive,low,sentiment,train,SEACrowd/typhoon_yolanda_tweets,2013_typhoon_yolanda,fil,yolanda-train-1-189,1,https://raw.githubusercontent.com/imperialite/Philippine-Languages-Online-Corpora/master/Tweets/Annotated%20Yolanda/train/1.txt,2
I assured our people that the government will help them rise up from this tragedy,positive,low,sentiment,train,SEACrowd/typhoon_yolanda_tweets,2013_typhoon_yolanda,fil,yolanda-train-1-190,1,https://raw.githubusercontent.com/imperialite/Philippine-Languages-Online-Corpora/master/Tweets/Annotated%20Yolanda/train/1.txt,2
Itigil muna ang kalandian gumawa muna ng paraan para makatulong sa muling pagbangon ng buong bayan.,positive,low,sentiment,train,SEACrowd/typhoon_yolanda_tweets,2013_typhoon_yolanda,fil,yolanda-train-1-191,1,https://raw.githubusercontent.com/imperialite/Philippine-Languages-Online-Corpora/master/Tweets/Annotated%20Yolanda/train/1.txt,2
Mabuhay po kayo mam Lucy!,positive,low,sentiment,train,SEACrowd/typhoon_yolanda_tweets,2013_typhoon_yolanda,fil,yolanda-train-1-192,1,https://raw.githubusercontent.com/imperialite/Philippine-Languages-Online-Corpora/master/Tweets/Annotated%20Yolanda/train/1.txt,2
Miss Merlin of DSWD receives donuts from @MisterDonut_PH at the Capitol Parish evacuation center. Thanks!,positive,low,sentiment,train,SEACrowd/typhoon_yolanda_tweets,2013_typhoon_yolanda,fil,yolanda-train-1-193,1,https://raw.githubusercontent.com/imperialite/Philippine-Languages-Online-Corpora/master/Tweets/Annotated%20Yolanda/train/1.txt,2
Thank you so much for the sympathy po. Mabuhay po kayo sir,positive,low,sentiment,train,SEACrowd/typhoon_yolanda_tweets,2013_typhoon_yolanda,fil,yolanda-train-1-194,1,https://raw.githubusercontent.com/imperialite/Philippine-Languages-Online-Corpora/master/Tweets/Annotated%20Yolanda/train/1.txt,2
﻿Anubayan naiyak nanaman ako sa ipinalabas sa TV Patrol,negative,moderate,sentiment,test,SEACrowd/typhoon_yolanda_tweets,2013_typhoon_yolanda,fil,yolanda-test--1-1,-1,https://raw.githubusercontent.com/imperialite/Philippine-Languages-Online-Corpora/master/Tweets/Annotated%20Yolanda/test/-1.txt,0
DONT BE IGNORANCE AND FOOLED,negative,moderate,sentiment,test,SEACrowd/typhoon_yolanda_tweets,2013_typhoon_yolanda,fil,yolanda-test--1-2,-1,https://raw.githubusercontent.com/imperialite/Philippine-Languages-Online-Corpora/master/Tweets/Annotated%20Yolanda/test/-1.txt,0
Ganda ng station id ng abs-cbn kakaiyak the true sprit of humanity!,negative,moderate,sentiment,test,SEACrowd/typhoon_yolanda_tweets,2013_typhoon_yolanda,fil,yolanda-test--1-3,-1,https://raw.githubusercontent.com/imperialite/Philippine-Languages-Online-Corpora/master/Tweets/Annotated%20Yolanda/test/-1.txt,0
sadyang hindi lang mg pulitiko ang mapagsamantala,negative,moderate,sentiment,test,SEACrowd/typhoon_yolanda_tweets,2013_typhoon_yolanda,fil,yolanda-test--1-4,-1,https://raw.githubusercontent.com/imperialite/Philippine-Languages-Online-Corpora/master/Tweets/Annotated%20Yolanda/test/-1.txt,0
"Our president is just too…orthodox. Gotta start thinking out of the box soon, Mr. President",negative,moderate,sentiment,test,SEACrowd/typhoon_yolanda_tweets,2013_typhoon_yolanda,fil,yolanda-test--1-5,-1,https://raw.githubusercontent.com/imperialite/Philippine-Languages-Online-Corpora/master/Tweets/Annotated%20Yolanda/test/-1.txt,0
Where are the best leaders now? Puro tuta nlng bah,negative,moderate,sentiment,test,SEACrowd/typhoon_yolanda_tweets,2013_typhoon_yolanda,fil,yolanda-test--1-6,-1,https://raw.githubusercontent.com/imperialite/Philippine-Languages-Online-Corpora/master/Tweets/Annotated%20Yolanda/test/-1.txt,0
Nakikinerbiyos na mga sinalanta ng bagyo,negative,moderate,sentiment,test,SEACrowd/typhoon_yolanda_tweets,2013_typhoon_yolanda,fil,yolanda-test--1-7,-1,https://raw.githubusercontent.com/imperialite/Philippine-Languages-Online-Corpora/master/Tweets/Annotated%20Yolanda/test/-1.txt,0
"Right Now, They need a Helping Hand :(",negative,moderate,sentiment,test,SEACrowd/typhoon_yolanda_tweets,2013_typhoon_yolanda,fil,yolanda-test--1-8,-1,https://raw.githubusercontent.com/imperialite/Philippine-Languages-Online-Corpora/master/Tweets/Annotated%20Yolanda/test/-1.txt,0
"Rants here, there and everywhere. Can we please stop this nonsense and just show our support to our government?",negative,moderate,sentiment,test,SEACrowd/typhoon_yolanda_tweets,2013_typhoon_yolanda,fil,yolanda-test--1-9,-1,https://raw.githubusercontent.com/imperialite/Philippine-Languages-Online-Corpora/master/Tweets/Annotated%20Yolanda/test/-1.txt,0
Reading some blogs about the supertyphoon. It's feeding my mind how abusive and corrupt the PHL gov. can be.,negative,moderate,sentiment,test,SEACrowd/typhoon_yolanda_tweets,2013_typhoon_yolanda,fil,yolanda-test--1-10,-1,https://raw.githubusercontent.com/imperialite/Philippine-Languages-Online-Corpora/master/Tweets/Annotated%20Yolanda/test/-1.txt,0
"Kung walang kwenta ang gobyerno, ano ka pa?",negative,moderate,sentiment,test,SEACrowd/typhoon_yolanda_tweets,2013_typhoon_yolanda,fil,yolanda-test--1-11,-1,https://raw.githubusercontent.com/imperialite/Philippine-Languages-Online-Corpora/master/Tweets/Annotated%20Yolanda/test/-1.txt,0
Tacloban still makes me cry,negative,moderate,sentiment,test,SEACrowd/typhoon_yolanda_tweets,2013_typhoon_yolanda,fil,yolanda-test--1-12,-1,https://raw.githubusercontent.com/imperialite/Philippine-Languages-Online-Corpora/master/Tweets/Annotated%20Yolanda/test/-1.txt,0
"Grabe na ang damage ni #Yolanda ! Namatay-4,919 Nawawala-1,000+ Nasugatan-25,000+",negative,moderate,sentiment,test,SEACrowd/typhoon_yolanda_tweets,2013_typhoon_yolanda,fil,yolanda-test--1-13,-1,https://raw.githubusercontent.com/imperialite/Philippine-Languages-Online-Corpora/master/Tweets/Annotated%20Yolanda/test/-1.txt,0
Mas madalas naten makita ang press briefing kesa sa ginagawang aksyon,negative,moderate,sentiment,test,SEACrowd/typhoon_yolanda_tweets,2013_typhoon_yolanda,fil,yolanda-test--1-14,-1,https://raw.githubusercontent.com/imperialite/Philippine-Languages-Online-Corpora/master/Tweets/Annotated%20Yolanda/test/-1.txt,0
OMG! Watching Typhoon Yolandas videos on Youtube made me cry. I'm so speechless. I pray for speedy recovery of our country,negative,moderate,sentiment,test,SEACrowd/typhoon_yolanda_tweets,2013_typhoon_yolanda,fil,yolanda-test--1-15,-1,https://raw.githubusercontent.com/imperialite/Philippine-Languages-Online-Corpora/master/Tweets/Annotated%20Yolanda/test/-1.txt,0
"Iringan dito, iringan duon. Yan tayo mga Pinoy! Aasenso tayo nyan!",negative,moderate,sentiment,test,SEACrowd/typhoon_yolanda_tweets,2013_typhoon_yolanda,fil,yolanda-test--1-16,-1,https://raw.githubusercontent.com/imperialite/Philippine-Languages-Online-Corpora/master/Tweets/Annotated%20Yolanda/test/-1.txt,0
Feeling soo speechless when 1 of our customer asked me how was philippines?,negative,moderate,sentiment,test,SEACrowd/typhoon_yolanda_tweets,2013_typhoon_yolanda,fil,yolanda-test--1-17,-1,https://raw.githubusercontent.com/imperialite/Philippine-Languages-Online-Corpora/master/Tweets/Annotated%20Yolanda/test/-1.txt,0
This is like a scene in World War Z. Survivors are running for Relief Goods,negative,moderate,sentiment,test,SEACrowd/typhoon_yolanda_tweets,2013_typhoon_yolanda,fil,yolanda-test--1-18,-1,https://raw.githubusercontent.com/imperialite/Philippine-Languages-Online-Corpora/master/Tweets/Annotated%20Yolanda/test/-1.txt,0
Nakakalungkot man isipin... :( hayy!,negative,moderate,sentiment,test,SEACrowd/typhoon_yolanda_tweets,2013_typhoon_yolanda,fil,yolanda-test--1-19,-1,https://raw.githubusercontent.com/imperialite/Philippine-Languages-Online-Corpora/master/Tweets/Annotated%20Yolanda/test/-1.txt,0
"We understand that systematic approach is needed in releif distribution, but please provide victims immediate food",negative,moderate,sentiment,test,SEACrowd/typhoon_yolanda_tweets,2013_typhoon_yolanda,fil,yolanda-test--1-20,-1,https://raw.githubusercontent.com/imperialite/Philippine-Languages-Online-Corpora/master/Tweets/Annotated%20Yolanda/test/-1.txt,0
Heartbreaking stories,negative,moderate,sentiment,test,SEACrowd/typhoon_yolanda_tweets,2013_typhoon_yolanda,fil,yolanda-test--1-21,-1,https://raw.githubusercontent.com/imperialite/Philippine-Languages-Online-Corpora/master/Tweets/Annotated%20Yolanda/test/-1.txt,0
"Mr Palengke Mar Roxas asan na palengke mo? Pra may mkabili kami at may makain, dna namin asahan relief goods ng gov't",negative,moderate,sentiment,test,SEACrowd/typhoon_yolanda_tweets,2013_typhoon_yolanda,fil,yolanda-test--1-22,-1,https://raw.githubusercontent.com/imperialite/Philippine-Languages-Online-Corpora/master/Tweets/Annotated%20Yolanda/test/-1.txt,0
"PH Govt: Blaming, instead of helping",negative,moderate,sentiment,test,SEACrowd/typhoon_yolanda_tweets,2013_typhoon_yolanda,fil,yolanda-test--1-23,-1,https://raw.githubusercontent.com/imperialite/Philippine-Languages-Online-Corpora/master/Tweets/Annotated%20Yolanda/test/-1.txt,0
'Yung masakit pa rin sa puso 'yung mapapanood mo.,negative,moderate,sentiment,test,SEACrowd/typhoon_yolanda_tweets,2013_typhoon_yolanda,fil,yolanda-test--1-24,-1,https://raw.githubusercontent.com/imperialite/Philippine-Languages-Online-Corpora/master/Tweets/Annotated%20Yolanda/test/-1.txt,0
Kaiyak balita sa CNN,negative,moderate,sentiment,test,SEACrowd/typhoon_yolanda_tweets,2013_typhoon_yolanda,fil,yolanda-test--1-25,-1,https://raw.githubusercontent.com/imperialite/Philippine-Languages-Online-Corpora/master/Tweets/Annotated%20Yolanda/test/-1.txt,0
"All these stories of faith and hope from those that suffered most make my heart swell with pride and my eyes, with tears",negative,moderate,sentiment,test,SEACrowd/typhoon_yolanda_tweets,2013_typhoon_yolanda,fil,yolanda-test--1-26,-1,https://raw.githubusercontent.com/imperialite/Philippine-Languages-Online-Corpora/master/Tweets/Annotated%20Yolanda/test/-1.txt,0
My heart breaks for our countrymen,negative,moderate,sentiment,test,SEACrowd/typhoon_yolanda_tweets,2013_typhoon_yolanda,fil,yolanda-test--1-27,-1,https://raw.githubusercontent.com/imperialite/Philippine-Languages-Online-Corpora/master/Tweets/Annotated%20Yolanda/test/-1.txt,0
Throwback: Damage brought by typhoon Yolanda/Haiyan in VSULHS,negative,moderate,sentiment,test,SEACrowd/typhoon_yolanda_tweets,2013_typhoon_yolanda,fil,yolanda-test--1-28,-1,https://raw.githubusercontent.com/imperialite/Philippine-Languages-Online-Corpora/master/Tweets/Annotated%20Yolanda/test/-1.txt,0
this brought me to tears ..hay,negative,moderate,sentiment,test,SEACrowd/typhoon_yolanda_tweets,2013_typhoon_yolanda,fil,yolanda-test--1-29,-1,https://raw.githubusercontent.com/imperialite/Philippine-Languages-Online-Corpora/master/Tweets/Annotated%20Yolanda/test/-1.txt,0
FU Yolanda. Found this at my high school Alma Mater.,negative,moderate,sentiment,test,SEACrowd/typhoon_yolanda_tweets,2013_typhoon_yolanda,fil,yolanda-test--1-30,-1,https://raw.githubusercontent.com/imperialite/Philippine-Languages-Online-Corpora/master/Tweets/Annotated%20Yolanda/test/-1.txt,0
"5,234 Lives Are Taken",negative,moderate,sentiment,test,SEACrowd/typhoon_yolanda_tweets,2013_typhoon_yolanda,fil,yolanda-test--1-31,-1,https://raw.githubusercontent.com/imperialite/Philippine-Languages-Online-Corpora/master/Tweets/Annotated%20Yolanda/test/-1.txt,0
Nakakaawa pa din talaga yung mga nasalanta,negative,moderate,sentiment,test,SEACrowd/typhoon_yolanda_tweets,2013_typhoon_yolanda,fil,yolanda-test--1-32,-1,https://raw.githubusercontent.com/imperialite/Philippine-Languages-Online-Corpora/master/Tweets/Annotated%20Yolanda/test/-1.txt,0
"Mr Palenke Mar Roxas, wag na OA na papogi points mo, kung tutulong tumulong ng walang halong hidden agenda",negative,moderate,sentiment,test,SEACrowd/typhoon_yolanda_tweets,2013_typhoon_yolanda,fil,yolanda-test--1-33,-1,https://raw.githubusercontent.com/imperialite/Philippine-Languages-Online-Corpora/master/Tweets/Annotated%20Yolanda/test/-1.txt,0
Thank you NYC! Day 8 of HOPE.,negative,moderate,sentiment,test,SEACrowd/typhoon_yolanda_tweets,2013_typhoon_yolanda,fil,yolanda-test--1-34,-1,https://raw.githubusercontent.com/imperialite/Philippine-Languages-Online-Corpora/master/Tweets/Annotated%20Yolanda/test/-1.txt,0
Sana may step by step procedures para ma-delegate yung traffic and flow of operations,negative,moderate,sentiment,test,SEACrowd/typhoon_yolanda_tweets,2013_typhoon_yolanda,fil,yolanda-test--1-35,-1,https://raw.githubusercontent.com/imperialite/Philippine-Languages-Online-Corpora/master/Tweets/Annotated%20Yolanda/test/-1.txt,0
Do your part. Salamat,negative,moderate,sentiment,test,SEACrowd/typhoon_yolanda_tweets,2013_typhoon_yolanda,fil,yolanda-test--1-36,-1,https://raw.githubusercontent.com/imperialite/Philippine-Languages-Online-Corpora/master/Tweets/Annotated%20Yolanda/test/-1.txt,0
Watching cnn breaks my heart,negative,moderate,sentiment,test,SEACrowd/typhoon_yolanda_tweets,2013_typhoon_yolanda,fil,yolanda-test--1-37,-1,https://raw.githubusercontent.com/imperialite/Philippine-Languages-Online-Corpora/master/Tweets/Annotated%20Yolanda/test/-1.txt,0
"Sana kahit hindi na trending lets make it a point to help the typhoon victims,nakaka </3",negative,moderate,sentiment,test,SEACrowd/typhoon_yolanda_tweets,2013_typhoon_yolanda,fil,yolanda-test--1-38,-1,https://raw.githubusercontent.com/imperialite/Philippine-Languages-Online-Corpora/master/Tweets/Annotated%20Yolanda/test/-1.txt,0
Bango Pnoy! Bangon! Bangon! Pnoy Bumangon ka!,negative,moderate,sentiment,test,SEACrowd/typhoon_yolanda_tweets,2013_typhoon_yolanda,fil,yolanda-test--1-39,-1,https://raw.githubusercontent.com/imperialite/Philippine-Languages-Online-Corpora/master/Tweets/Annotated%20Yolanda/test/-1.txt,0
ang dami ng dination para sa mga biktima ng bagyong YOLANDA! sana talaga sa kanila lahat mapunta yun! ;( ;),negative,moderate,sentiment,test,SEACrowd/typhoon_yolanda_tweets,2013_typhoon_yolanda,fil,yolanda-test--1-40,-1,https://raw.githubusercontent.com/imperialite/Philippine-Languages-Online-Corpora/master/Tweets/Annotated%20Yolanda/test/-1.txt,0
While watching @bandila nakakatindig balahibo ung mga sigawan ng mga Victims ni #YolandaPH,negative,moderate,sentiment,test,SEACrowd/typhoon_yolanda_tweets,2013_typhoon_yolanda,fil,yolanda-test--1-41,-1,https://raw.githubusercontent.com/imperialite/Philippine-Languages-Online-Corpora/master/Tweets/Annotated%20Yolanda/test/-1.txt,0
"When I saw this commercial of a Filipino raising the Philippine flag in Tacloban, I wanted to cry jud",negative,moderate,sentiment,test,SEACrowd/typhoon_yolanda_tweets,2013_typhoon_yolanda,fil,yolanda-test--1-42,-1,https://raw.githubusercontent.com/imperialite/Philippine-Languages-Online-Corpora/master/Tweets/Annotated%20Yolanda/test/-1.txt,0
Napa-iyak akooooo,negative,moderate,sentiment,test,SEACrowd/typhoon_yolanda_tweets,2013_typhoon_yolanda,fil,yolanda-test--1-43,-1,https://raw.githubusercontent.com/imperialite/Philippine-Languages-Online-Corpora/master/Tweets/Annotated%20Yolanda/test/-1.txt,0
A story from the disaster zone.,negative,moderate,sentiment,test,SEACrowd/typhoon_yolanda_tweets,2013_typhoon_yolanda,fil,yolanda-test--1-44,-1,https://raw.githubusercontent.com/imperialite/Philippine-Languages-Online-Corpora/master/Tweets/Annotated%20Yolanda/test/-1.txt,0
"Nakakaloka naman yung mga armed men na nang gulo pa sa Tacloban. Hirap na nga yung mga tao, dinagdagan pa patayan",negative,moderate,sentiment,test,SEACrowd/typhoon_yolanda_tweets,2013_typhoon_yolanda,fil,yolanda-test--1-45,-1,https://raw.githubusercontent.com/imperialite/Philippine-Languages-Online-Corpora/master/Tweets/Annotated%20Yolanda/test/-1.txt,0
"Damages in the Busuanga Airport, Palawan",negative,moderate,sentiment,test,SEACrowd/typhoon_yolanda_tweets,2013_typhoon_yolanda,fil,yolanda-test--1-46,-1,https://raw.githubusercontent.com/imperialite/Philippine-Languages-Online-Corpora/master/Tweets/Annotated%20Yolanda/test/-1.txt,0
"How about Jaro, #Leyte ? Anybody has a contact person there? We need information",negative,moderate,sentiment,test,SEACrowd/typhoon_yolanda_tweets,2013_typhoon_yolanda,fil,yolanda-test--1-47,-1,https://raw.githubusercontent.com/imperialite/Philippine-Languages-Online-Corpora/master/Tweets/Annotated%20Yolanda/test/-1.txt,0
"13,021 classrooms in need of repair for Yolanda-affected areas.",negative,moderate,sentiment,test,SEACrowd/typhoon_yolanda_tweets,2013_typhoon_yolanda,fil,yolanda-test--1-48,-1,https://raw.githubusercontent.com/imperialite/Philippine-Languages-Online-Corpora/master/Tweets/Annotated%20Yolanda/test/-1.txt,0
Just a bad day not a bad life,negative,moderate,sentiment,test,SEACrowd/typhoon_yolanda_tweets,2013_typhoon_yolanda,fil,yolanda-test--1-49,-1,https://raw.githubusercontent.com/imperialite/Philippine-Languages-Online-Corpora/master/Tweets/Annotated%20Yolanda/test/-1.txt,0
"Despite of all the help we're getting all over the world, why is it that many more victims are still starving?",negative,moderate,sentiment,test,SEACrowd/typhoon_yolanda_tweets,2013_typhoon_yolanda,fil,yolanda-test--1-50,-1,https://raw.githubusercontent.com/imperialite/Philippine-Languages-Online-Corpora/master/Tweets/Annotated%20Yolanda/test/-1.txt,0
"In a span of one month, a lot happened in the Philippines. From earthquake, tornado to typhoon.",negative,moderate,sentiment,test,SEACrowd/typhoon_yolanda_tweets,2013_typhoon_yolanda,fil,yolanda-test--1-51,-1,https://raw.githubusercontent.com/imperialite/Philippine-Languages-Online-Corpora/master/Tweets/Annotated%20Yolanda/test/-1.txt,0
"﻿Will be in Caritas,Manila tomorrow :))) To be a volunteer again",neutral,low,sentiment,test,SEACrowd/typhoon_yolanda_tweets,2013_typhoon_yolanda,fil,yolanda-test-0-1,0,https://raw.githubusercontent.com/imperialite/Philippine-Languages-Online-Corpora/master/Tweets/Annotated%20Yolanda/test/0.txt,1
With my co -muntinlupenos after the run . City has adopted 2 cities in Tacloban,neutral,low,sentiment,test,SEACrowd/typhoon_yolanda_tweets,2013_typhoon_yolanda,fil,yolanda-test-0-2,0,https://raw.githubusercontent.com/imperialite/Philippine-Languages-Online-Corpora/master/Tweets/Annotated%20Yolanda/test/0.txt,1
Molocaboc bound to distribute the relief goods for the Yolanda Victims.,neutral,low,sentiment,test,SEACrowd/typhoon_yolanda_tweets,2013_typhoon_yolanda,fil,yolanda-test-0-3,0,https://raw.githubusercontent.com/imperialite/Philippine-Languages-Online-Corpora/master/Tweets/Annotated%20Yolanda/test/0.txt,1
"If you live outside the Philippines but want to help, here's where you can direct your efforts",neutral,low,sentiment,test,SEACrowd/typhoon_yolanda_tweets,2013_typhoon_yolanda,fil,yolanda-test-0-4,0,https://raw.githubusercontent.com/imperialite/Philippine-Languages-Online-Corpora/master/Tweets/Annotated%20Yolanda/test/0.txt,1
"Cebu International Convention Center (CICC), now a repacking center",neutral,low,sentiment,test,SEACrowd/typhoon_yolanda_tweets,2013_typhoon_yolanda,fil,yolanda-test-0-5,0,https://raw.githubusercontent.com/imperialite/Philippine-Languages-Online-Corpora/master/Tweets/Annotated%20Yolanda/test/0.txt,1
fun run tomorrow for the victims of typhoon Yolanda.,neutral,low,sentiment,test,SEACrowd/typhoon_yolanda_tweets,2013_typhoon_yolanda,fil,yolanda-test-0-6,0,https://raw.githubusercontent.com/imperialite/Philippine-Languages-Online-Corpora/master/Tweets/Annotated%20Yolanda/test/0.txt,1
Sana maka.recover yung nasa tacloban at leyte,neutral,low,sentiment,test,SEACrowd/typhoon_yolanda_tweets,2013_typhoon_yolanda,fil,yolanda-test-0-7,0,https://raw.githubusercontent.com/imperialite/Philippine-Languages-Online-Corpora/master/Tweets/Annotated%20Yolanda/test/0.txt,1
The PH government should have addressed the lack of military hardware a long time ago,neutral,low,sentiment,test,SEACrowd/typhoon_yolanda_tweets,2013_typhoon_yolanda,fil,yolanda-test-0-8,0,https://raw.githubusercontent.com/imperialite/Philippine-Languages-Online-Corpora/master/Tweets/Annotated%20Yolanda/test/0.txt,1
We NEED volunteer COORDINATORS,neutral,low,sentiment,test,SEACrowd/typhoon_yolanda_tweets,2013_typhoon_yolanda,fil,yolanda-test-0-9,0,https://raw.githubusercontent.com/imperialite/Philippine-Languages-Online-Corpora/master/Tweets/Annotated%20Yolanda/test/0.txt,1
Open mic session for the victims of typhoon yolanda,neutral,low,sentiment,test,SEACrowd/typhoon_yolanda_tweets,2013_typhoon_yolanda,fil,yolanda-test-0-10,0,https://raw.githubusercontent.com/imperialite/Philippine-Languages-Online-Corpora/master/Tweets/Annotated%20Yolanda/test/0.txt,1
Healing. The Yolanda Story,neutral,low,sentiment,test,SEACrowd/typhoon_yolanda_tweets,2013_typhoon_yolanda,fil,yolanda-test-0-11,0,https://raw.githubusercontent.com/imperialite/Philippine-Languages-Online-Corpora/master/Tweets/Annotated%20Yolanda/test/0.txt,1
@ABSCBNNews : Arnel Pineda writes song for 'Yolanda' survivors,neutral,low,sentiment,test,SEACrowd/typhoon_yolanda_tweets,2013_typhoon_yolanda,fil,yolanda-test-0-12,0,https://raw.githubusercontent.com/imperialite/Philippine-Languages-Online-Corpora/master/Tweets/Annotated%20Yolanda/test/0.txt,1
"Relief Goods for Northern Cebu, Tacloban & Leyte",neutral,low,sentiment,test,SEACrowd/typhoon_yolanda_tweets,2013_typhoon_yolanda,fil,yolanda-test-0-13,0,https://raw.githubusercontent.com/imperialite/Philippine-Languages-Online-Corpora/master/Tweets/Annotated%20Yolanda/test/0.txt,1
The Filipino diaspora is one in helping our compatriots back home,neutral,low,sentiment,test,SEACrowd/typhoon_yolanda_tweets,2013_typhoon_yolanda,fil,yolanda-test-0-14,0,https://raw.githubusercontent.com/imperialite/Philippine-Languages-Online-Corpora/master/Tweets/Annotated%20Yolanda/test/0.txt,1
The Empire State Building in New York!,neutral,low,sentiment,test,SEACrowd/typhoon_yolanda_tweets,2013_typhoon_yolanda,fil,yolanda-test-0-15,0,https://raw.githubusercontent.com/imperialite/Philippine-Languages-Online-Corpora/master/Tweets/Annotated%20Yolanda/test/0.txt,1
more water for visayas,neutral,low,sentiment,test,SEACrowd/typhoon_yolanda_tweets,2013_typhoon_yolanda,fil,yolanda-test-0-16,0,https://raw.githubusercontent.com/imperialite/Philippine-Languages-Online-Corpora/master/Tweets/Annotated%20Yolanda/test/0.txt,1
Great meal for a cause from sumosamph Help still needed.,neutral,low,sentiment,test,SEACrowd/typhoon_yolanda_tweets,2013_typhoon_yolanda,fil,yolanda-test-0-17,0,https://raw.githubusercontent.com/imperialite/Philippine-Languages-Online-Corpora/master/Tweets/Annotated%20Yolanda/test/0.txt,1
The kind of project that reflects & supports the Filipino Bayanihan spirit,neutral,low,sentiment,test,SEACrowd/typhoon_yolanda_tweets,2013_typhoon_yolanda,fil,yolanda-test-0-18,0,https://raw.githubusercontent.com/imperialite/Philippine-Languages-Online-Corpora/master/Tweets/Annotated%20Yolanda/test/0.txt,1
"The yolanda punch"" by Pacman",neutral,low,sentiment,test,SEACrowd/typhoon_yolanda_tweets,2013_typhoon_yolanda,fil,yolanda-test-0-19,0,https://raw.githubusercontent.com/imperialite/Philippine-Languages-Online-Corpora/master/Tweets/Annotated%20Yolanda/test/0.txt,1
"Every view counts: Survivors, not Victims"" It`s worth the watch",neutral,low,sentiment,test,SEACrowd/typhoon_yolanda_tweets,2013_typhoon_yolanda,fil,yolanda-test-0-20,0,https://raw.githubusercontent.com/imperialite/Philippine-Languages-Online-Corpora/master/Tweets/Annotated%20Yolanda/test/0.txt,1
Rebuilding starts in northern #Cebu towns after #YolandaPH,neutral,low,sentiment,test,SEACrowd/typhoon_yolanda_tweets,2013_typhoon_yolanda,fil,yolanda-test-0-21,0,https://raw.githubusercontent.com/imperialite/Philippine-Languages-Online-Corpora/master/Tweets/Annotated%20Yolanda/test/0.txt,1
Do the pledged financial donations go straight to the areas or there are clearing houses?,neutral,low,sentiment,test,SEACrowd/typhoon_yolanda_tweets,2013_typhoon_yolanda,fil,yolanda-test-0-22,0,https://raw.githubusercontent.com/imperialite/Philippine-Languages-Online-Corpora/master/Tweets/Annotated%20Yolanda/test/0.txt,1
Another tool that we can use to coordinate relief efforts,neutral,low,sentiment,test,SEACrowd/typhoon_yolanda_tweets,2013_typhoon_yolanda,fil,yolanda-test-0-23,0,https://raw.githubusercontent.com/imperialite/Philippine-Languages-Online-Corpora/master/Tweets/Annotated%20Yolanda/test/0.txt,1
Yeng at the Charity Mini Concert Event!,neutral,low,sentiment,test,SEACrowd/typhoon_yolanda_tweets,2013_typhoon_yolanda,fil,yolanda-test-0-24,0,https://raw.githubusercontent.com/imperialite/Philippine-Languages-Online-Corpora/master/Tweets/Annotated%20Yolanda/test/0.txt,1
People lining up for relief goods in sitio mahayahay daanbantayan.,neutral,low,sentiment,test,SEACrowd/typhoon_yolanda_tweets,2013_typhoon_yolanda,fil,yolanda-test-0-25,0,https://raw.githubusercontent.com/imperialite/Philippine-Languages-Online-Corpora/master/Tweets/Annotated%20Yolanda/test/0.txt,1
CEBU: We NEED volunteer COORDINATORS. DM me if you're interested,neutral,low,sentiment,test,SEACrowd/typhoon_yolanda_tweets,2013_typhoon_yolanda,fil,yolanda-test-0-26,0,https://raw.githubusercontent.com/imperialite/Philippine-Languages-Online-Corpora/master/Tweets/Annotated%20Yolanda/test/0.txt,1
"Tulong na, Tabang na T-Shirt",neutral,low,sentiment,test,SEACrowd/typhoon_yolanda_tweets,2013_typhoon_yolanda,fil,yolanda-test-0-27,0,https://raw.githubusercontent.com/imperialite/Philippine-Languages-Online-Corpora/master/Tweets/Annotated%20Yolanda/test/0.txt,1
"Hotline #of villamor airbase. Help feed 3,000 #yolanda victims",neutral,low,sentiment,test,SEACrowd/typhoon_yolanda_tweets,2013_typhoon_yolanda,fil,yolanda-test-0-28,0,https://raw.githubusercontent.com/imperialite/Philippine-Languages-Online-Corpora/master/Tweets/Annotated%20Yolanda/test/0.txt,1
My mom and sister up and at em in Tacloban,neutral,low,sentiment,test,SEACrowd/typhoon_yolanda_tweets,2013_typhoon_yolanda,fil,yolanda-test-0-29,0,https://raw.githubusercontent.com/imperialite/Philippine-Languages-Online-Corpora/master/Tweets/Annotated%20Yolanda/test/0.txt,1
Medical team 2 -On board to Tacloban with doc zyra,neutral,low,sentiment,test,SEACrowd/typhoon_yolanda_tweets,2013_typhoon_yolanda,fil,yolanda-test-0-30,0,https://raw.githubusercontent.com/imperialite/Philippine-Languages-Online-Corpora/master/Tweets/Annotated%20Yolanda/test/0.txt,1
Ano ng nanyayari sa Visayas?,neutral,low,sentiment,test,SEACrowd/typhoon_yolanda_tweets,2013_typhoon_yolanda,fil,yolanda-test-0-31,0,https://raw.githubusercontent.com/imperialite/Philippine-Languages-Online-Corpora/master/Tweets/Annotated%20Yolanda/test/0.txt,1
I think i lifted a total of more than 50 kilos of donated clothes,neutral,low,sentiment,test,SEACrowd/typhoon_yolanda_tweets,2013_typhoon_yolanda,fil,yolanda-test-0-32,0,https://raw.githubusercontent.com/imperialite/Philippine-Languages-Online-Corpora/master/Tweets/Annotated%20Yolanda/test/0.txt,1
Repacking of relief goods later,neutral,low,sentiment,test,SEACrowd/typhoon_yolanda_tweets,2013_typhoon_yolanda,fil,yolanda-test-0-33,0,https://raw.githubusercontent.com/imperialite/Philippine-Languages-Online-Corpora/master/Tweets/Annotated%20Yolanda/test/0.txt,1
ME AND YATS IN OURNEW SHIRT,neutral,low,sentiment,test,SEACrowd/typhoon_yolanda_tweets,2013_typhoon_yolanda,fil,yolanda-test-0-34,0,https://raw.githubusercontent.com/imperialite/Philippine-Languages-Online-Corpora/master/Tweets/Annotated%20Yolanda/test/0.txt,1
"Yesterday at Talisay, Daanbantayan",neutral,low,sentiment,test,SEACrowd/typhoon_yolanda_tweets,2013_typhoon_yolanda,fil,yolanda-test-0-35,0,https://raw.githubusercontent.com/imperialite/Philippine-Languages-Online-Corpora/master/Tweets/Annotated%20Yolanda/test/0.txt,1
Have to do some packing for the typhoon victims in the Philippines,neutral,low,sentiment,test,SEACrowd/typhoon_yolanda_tweets,2013_typhoon_yolanda,fil,yolanda-test-0-36,0,https://raw.githubusercontent.com/imperialite/Philippine-Languages-Online-Corpora/master/Tweets/Annotated%20Yolanda/test/0.txt,1
NSTP tomorrow. Punta akong redcross tomorrow after class. Sino gusto sumama?,neutral,low,sentiment,test,SEACrowd/typhoon_yolanda_tweets,2013_typhoon_yolanda,fil,yolanda-test-0-37,0,https://raw.githubusercontent.com/imperialite/Philippine-Languages-Online-Corpora/master/Tweets/Annotated%20Yolanda/test/0.txt,1
"Sa sunday kaya meron bang magbebenta sa abs-cbn ng Tulong na,Tabang na Tshirt? Punta kami dyan.",neutral,low,sentiment,test,SEACrowd/typhoon_yolanda_tweets,2013_typhoon_yolanda,fil,yolanda-test-0-38,0,https://raw.githubusercontent.com/imperialite/Philippine-Languages-Online-Corpora/master/Tweets/Annotated%20Yolanda/test/0.txt,1
Ready! Choirs around the world take on Filipino classics via @rapplerdotcom,neutral,low,sentiment,test,SEACrowd/typhoon_yolanda_tweets,2013_typhoon_yolanda,fil,yolanda-test-0-39,0,https://raw.githubusercontent.com/imperialite/Philippine-Languages-Online-Corpora/master/Tweets/Annotated%20Yolanda/test/0.txt,1
"It really is a choice, to care or not, help or be passive, to give or to steal. Hopefully, we do what's right",neutral,low,sentiment,test,SEACrowd/typhoon_yolanda_tweets,2013_typhoon_yolanda,fil,yolanda-test-0-40,0,https://raw.githubusercontent.com/imperialite/Philippine-Languages-Online-Corpora/master/Tweets/Annotated%20Yolanda/test/0.txt,1
2nd batch of relief goods for the victims of typhoon Yolanda.,neutral,low,sentiment,test,SEACrowd/typhoon_yolanda_tweets,2013_typhoon_yolanda,fil,yolanda-test-0-41,0,https://raw.githubusercontent.com/imperialite/Philippine-Languages-Online-Corpora/master/Tweets/Annotated%20Yolanda/test/0.txt,1
Tree planting tomorrow with my orgmates,neutral,low,sentiment,test,SEACrowd/typhoon_yolanda_tweets,2013_typhoon_yolanda,fil,yolanda-test-0-42,0,https://raw.githubusercontent.com/imperialite/Philippine-Languages-Online-Corpora/master/Tweets/Annotated%20Yolanda/test/0.txt,1
Pitch blacked for almost two nights,neutral,low,sentiment,test,SEACrowd/typhoon_yolanda_tweets,2013_typhoon_yolanda,fil,yolanda-test-0-43,0,https://raw.githubusercontent.com/imperialite/Philippine-Languages-Online-Corpora/master/Tweets/Annotated%20Yolanda/test/0.txt,1
"You think it's only Binay who'taking advantage cause of his name-labelled"" donations?how about this photo?",neutral,low,sentiment,test,SEACrowd/typhoon_yolanda_tweets,2013_typhoon_yolanda,fil,yolanda-test-0-44,0,https://raw.githubusercontent.com/imperialite/Philippine-Languages-Online-Corpora/master/Tweets/Annotated%20Yolanda/test/0.txt,1
"Caritas Manila Relief Repacking in San Carlos Seminary, EDSA, Guadalupe, Makati. Volunteers needed",neutral,low,sentiment,test,SEACrowd/typhoon_yolanda_tweets,2013_typhoon_yolanda,fil,yolanda-test-0-45,0,https://raw.githubusercontent.com/imperialite/Philippine-Languages-Online-Corpora/master/Tweets/Annotated%20Yolanda/test/0.txt,1
2 can per Student of DOMT . PUP Sta.maria,neutral,low,sentiment,test,SEACrowd/typhoon_yolanda_tweets,2013_typhoon_yolanda,fil,yolanda-test-0-46,0,https://raw.githubusercontent.com/imperialite/Philippine-Languages-Online-Corpora/master/Tweets/Annotated%20Yolanda/test/0.txt,1
Have to wake up early for the #YolandaRun tom morning,neutral,low,sentiment,test,SEACrowd/typhoon_yolanda_tweets,2013_typhoon_yolanda,fil,yolanda-test-0-47,0,https://raw.githubusercontent.com/imperialite/Philippine-Languages-Online-Corpora/master/Tweets/Annotated%20Yolanda/test/0.txt,1
Paki explain naman bakit kelangan pa ng official seal at name,neutral,low,sentiment,test,SEACrowd/typhoon_yolanda_tweets,2013_typhoon_yolanda,fil,yolanda-test-0-48,0,https://raw.githubusercontent.com/imperialite/Philippine-Languages-Online-Corpora/master/Tweets/Annotated%20Yolanda/test/0.txt,1
Alicia Keys Visits Typhoon Haiyan Refugees in Philippines,neutral,low,sentiment,test,SEACrowd/typhoon_yolanda_tweets,2013_typhoon_yolanda,fil,yolanda-test-0-49,0,https://raw.githubusercontent.com/imperialite/Philippine-Languages-Online-Corpora/master/Tweets/Annotated%20Yolanda/test/0.txt,1
Concert for a cause? Want to help Yolanda victims? Contact chen at 0916.5555.484,neutral,low,sentiment,test,SEACrowd/typhoon_yolanda_tweets,2013_typhoon_yolanda,fil,yolanda-test-0-50,0,https://raw.githubusercontent.com/imperialite/Philippine-Languages-Online-Corpora/master/Tweets/Annotated%20Yolanda/test/0.txt,1
Bili na po kayo t-shirt!haha,neutral,low,sentiment,test,SEACrowd/typhoon_yolanda_tweets,2013_typhoon_yolanda,fil,yolanda-test-0-51,0,https://raw.githubusercontent.com/imperialite/Philippine-Languages-Online-Corpora/master/Tweets/Annotated%20Yolanda/test/0.txt,1
﻿will donate some of my old clothes,positive,low,sentiment,test,SEACrowd/typhoon_yolanda_tweets,2013_typhoon_yolanda,fil,yolanda-test-1-1,1,https://raw.githubusercontent.com/imperialite/Philippine-Languages-Online-Corpora/master/Tweets/Annotated%20Yolanda/test/1.txt,2
Changed my DP to show support,positive,low,sentiment,test,SEACrowd/typhoon_yolanda_tweets,2013_typhoon_yolanda,fil,yolanda-test-1-2,1,https://raw.githubusercontent.com/imperialite/Philippine-Languages-Online-Corpora/master/Tweets/Annotated%20Yolanda/test/1.txt,2
Praise Report: this is a story of a Vacation Turn into Mission,positive,low,sentiment,test,SEACrowd/typhoon_yolanda_tweets,2013_typhoon_yolanda,fil,yolanda-test-1-3,1,https://raw.githubusercontent.com/imperialite/Philippine-Languages-Online-Corpora/master/Tweets/Annotated%20Yolanda/test/1.txt,2
"From the Philippines to the nations who helped us, THANK YOU. WE WILL NEVER FORGET.",positive,low,sentiment,test,SEACrowd/typhoon_yolanda_tweets,2013_typhoon_yolanda,fil,yolanda-test-1-4,1,https://raw.githubusercontent.com/imperialite/Philippine-Languages-Online-Corpora/master/Tweets/Annotated%20Yolanda/test/1.txt,2
"Packing thousands of food assistance for 50,000 survivors of #Haiyan",positive,low,sentiment,test,SEACrowd/typhoon_yolanda_tweets,2013_typhoon_yolanda,fil,yolanda-test-1-5,1,https://raw.githubusercontent.com/imperialite/Philippine-Languages-Online-Corpora/master/Tweets/Annotated%20Yolanda/test/1.txt,2
Everything happens for a reason.,positive,low,sentiment,test,SEACrowd/typhoon_yolanda_tweets,2013_typhoon_yolanda,fil,yolanda-test-1-6,1,https://raw.githubusercontent.com/imperialite/Philippine-Languages-Online-Corpora/master/Tweets/Annotated%20Yolanda/test/1.txt,2
I got my #BangonPh shirt! Let's Pray and Help for our kababayan,positive,low,sentiment,test,SEACrowd/typhoon_yolanda_tweets,2013_typhoon_yolanda,fil,yolanda-test-1-7,1,https://raw.githubusercontent.com/imperialite/Philippine-Languages-Online-Corpora/master/Tweets/Annotated%20Yolanda/test/1.txt,2
Raise the Roof for Visayas,positive,low,sentiment,test,SEACrowd/typhoon_yolanda_tweets,2013_typhoon_yolanda,fil,yolanda-test-1-8,1,https://raw.githubusercontent.com/imperialite/Philippine-Languages-Online-Corpora/master/Tweets/Annotated%20Yolanda/test/1.txt,2
Proud to be a citizen of a resilient Philippines,positive,low,sentiment,test,SEACrowd/typhoon_yolanda_tweets,2013_typhoon_yolanda,fil,yolanda-test-1-9,1,https://raw.githubusercontent.com/imperialite/Philippine-Languages-Online-Corpora/master/Tweets/Annotated%20Yolanda/test/1.txt,2
I can feel the smile from #tacloban,positive,low,sentiment,test,SEACrowd/typhoon_yolanda_tweets,2013_typhoon_yolanda,fil,yolanda-test-1-10,1,https://raw.githubusercontent.com/imperialite/Philippine-Languages-Online-Corpora/master/Tweets/Annotated%20Yolanda/test/1.txt,2
Sana po magamit na natin to ngayon na po sana kung maari. Maraming salamat po,positive,low,sentiment,test,SEACrowd/typhoon_yolanda_tweets,2013_typhoon_yolanda,fil,yolanda-test-1-11,1,https://raw.githubusercontent.com/imperialite/Philippine-Languages-Online-Corpora/master/Tweets/Annotated%20Yolanda/test/1.txt,2
Great and inspiring are generosity and selflessness.,positive,low,sentiment,test,SEACrowd/typhoon_yolanda_tweets,2013_typhoon_yolanda,fil,yolanda-test-1-12,1,https://raw.githubusercontent.com/imperialite/Philippine-Languages-Online-Corpora/master/Tweets/Annotated%20Yolanda/test/1.txt,2
The storms of life no more indicate the absence of God than clouds indicate the absence of the sun,positive,low,sentiment,test,SEACrowd/typhoon_yolanda_tweets,2013_typhoon_yolanda,fil,yolanda-test-1-13,1,https://raw.githubusercontent.com/imperialite/Philippine-Languages-Online-Corpora/master/Tweets/Annotated%20Yolanda/test/1.txt,2
Brown student group holding public benefit for Philippines,positive,low,sentiment,test,SEACrowd/typhoon_yolanda_tweets,2013_typhoon_yolanda,fil,yolanda-test-1-14,1,https://raw.githubusercontent.com/imperialite/Philippine-Languages-Online-Corpora/master/Tweets/Annotated%20Yolanda/test/1.txt,2
salamat @paugasol and to all people who also pledge and helped our country! much love from the PH!,positive,low,sentiment,test,SEACrowd/typhoon_yolanda_tweets,2013_typhoon_yolanda,fil,yolanda-test-1-15,1,https://raw.githubusercontent.com/imperialite/Philippine-Languages-Online-Corpora/master/Tweets/Annotated%20Yolanda/test/1.txt,2
Bootcamp for a cause…all proceeds will to go to tyhpoon yolanda victims.,positive,low,sentiment,test,SEACrowd/typhoon_yolanda_tweets,2013_typhoon_yolanda,fil,yolanda-test-1-16,1,https://raw.githubusercontent.com/imperialite/Philippine-Languages-Online-Corpora/master/Tweets/Annotated%20Yolanda/test/1.txt,2
"Isang parol na likha sa plastic bottles, milyong pag-asa ang hatid sa pamilya",positive,low,sentiment,test,SEACrowd/typhoon_yolanda_tweets,2013_typhoon_yolanda,fil,yolanda-test-1-17,1,https://raw.githubusercontent.com/imperialite/Philippine-Languages-Online-Corpora/master/Tweets/Annotated%20Yolanda/test/1.txt,2
Walang pagsubok na hindi kaya ng mga PINOY,positive,low,sentiment,test,SEACrowd/typhoon_yolanda_tweets,2013_typhoon_yolanda,fil,yolanda-test-1-18,1,https://raw.githubusercontent.com/imperialite/Philippine-Languages-Online-Corpora/master/Tweets/Annotated%20Yolanda/test/1.txt,2
"Now's not the time to be selfish. Rather, now is the time to think about others first before yourself",positive,low,sentiment,test,SEACrowd/typhoon_yolanda_tweets,2013_typhoon_yolanda,fil,yolanda-test-1-19,1,https://raw.githubusercontent.com/imperialite/Philippine-Languages-Online-Corpora/master/Tweets/Annotated%20Yolanda/test/1.txt,2
Thank you so much sa inspirasyon nyo. Mabuhay po kayo.,positive,low,sentiment,test,SEACrowd/typhoon_yolanda_tweets,2013_typhoon_yolanda,fil,yolanda-test-1-20,1,https://raw.githubusercontent.com/imperialite/Philippine-Languages-Online-Corpora/master/Tweets/Annotated%20Yolanda/test/1.txt,2
There's a rainbow always after a rain,positive,low,sentiment,test,SEACrowd/typhoon_yolanda_tweets,2013_typhoon_yolanda,fil,yolanda-test-1-21,1,https://raw.githubusercontent.com/imperialite/Philippine-Languages-Online-Corpora/master/Tweets/Annotated%20Yolanda/test/1.txt,2
Helped in relief operations in Villamor with the best class ever!!,positive,low,sentiment,test,SEACrowd/typhoon_yolanda_tweets,2013_typhoon_yolanda,fil,yolanda-test-1-22,1,https://raw.githubusercontent.com/imperialite/Philippine-Languages-Online-Corpora/master/Tweets/Annotated%20Yolanda/test/1.txt,2
Another blessing will come for the #YolandaVictims,positive,low,sentiment,test,SEACrowd/typhoon_yolanda_tweets,2013_typhoon_yolanda,fil,yolanda-test-1-23,1,https://raw.githubusercontent.com/imperialite/Philippine-Languages-Online-Corpora/master/Tweets/Annotated%20Yolanda/test/1.txt,2
The smallest act of kindness is worth more than the grandest intention,positive,low,sentiment,test,SEACrowd/typhoon_yolanda_tweets,2013_typhoon_yolanda,fil,yolanda-test-1-24,1,https://raw.githubusercontent.com/imperialite/Philippine-Languages-Online-Corpora/master/Tweets/Annotated%20Yolanda/test/1.txt,2
Despite evrythin dat has happened. They can still smile.,positive,low,sentiment,test,SEACrowd/typhoon_yolanda_tweets,2013_typhoon_yolanda,fil,yolanda-test-1-25,1,https://raw.githubusercontent.com/imperialite/Philippine-Languages-Online-Corpora/master/Tweets/Annotated%20Yolanda/test/1.txt,2
Together we STAND ! extending hands to those who need help :) >fulfilling feeling<,positive,low,sentiment,test,SEACrowd/typhoon_yolanda_tweets,2013_typhoon_yolanda,fil,yolanda-test-1-26,1,https://raw.githubusercontent.com/imperialite/Philippine-Languages-Online-Corpora/master/Tweets/Annotated%20Yolanda/test/1.txt,2
We stand still after yolanda. Still we have a Merry Christmas.,positive,low,sentiment,test,SEACrowd/typhoon_yolanda_tweets,2013_typhoon_yolanda,fil,yolanda-test-1-27,1,https://raw.githubusercontent.com/imperialite/Philippine-Languages-Online-Corpora/master/Tweets/Annotated%20Yolanda/test/1.txt,2
At DSWD to volunteer repack relief goods. We need more helping hands! Let's do this,positive,low,sentiment,test,SEACrowd/typhoon_yolanda_tweets,2013_typhoon_yolanda,fil,yolanda-test-1-28,1,https://raw.githubusercontent.com/imperialite/Philippine-Languages-Online-Corpora/master/Tweets/Annotated%20Yolanda/test/1.txt,2
BANGON PILIPINAS! (Rise up Philippines!),positive,low,sentiment,test,SEACrowd/typhoon_yolanda_tweets,2013_typhoon_yolanda,fil,yolanda-test-1-29,1,https://raw.githubusercontent.com/imperialite/Philippine-Languages-Online-Corpora/master/Tweets/Annotated%20Yolanda/test/1.txt,2
"Only a life lived for others is a life worthwhile.""—Albert Einstein",positive,low,sentiment,test,SEACrowd/typhoon_yolanda_tweets,2013_typhoon_yolanda,fil,yolanda-test-1-30,1,https://raw.githubusercontent.com/imperialite/Philippine-Languages-Online-Corpora/master/Tweets/Annotated%20Yolanda/test/1.txt,2
"Maybe to boost the Filipino, especially typhoon Haiyan survivors, spirit amidst the loss.",positive,low,sentiment,test,SEACrowd/typhoon_yolanda_tweets,2013_typhoon_yolanda,fil,yolanda-test-1-31,1,https://raw.githubusercontent.com/imperialite/Philippine-Languages-Online-Corpora/master/Tweets/Annotated%20Yolanda/test/1.txt,2
"God will not give us problems that we can't handle. Together, we can do this and rise again",positive,low,sentiment,test,SEACrowd/typhoon_yolanda_tweets,2013_typhoon_yolanda,fil,yolanda-test-1-32,1,https://raw.githubusercontent.com/imperialite/Philippine-Languages-Online-Corpora/master/Tweets/Annotated%20Yolanda/test/1.txt,2
Saw an Israel flag in Bogo Cebu wid medical aids to help d town. Isralites thank u,positive,low,sentiment,test,SEACrowd/typhoon_yolanda_tweets,2013_typhoon_yolanda,fil,yolanda-test-1-33,1,https://raw.githubusercontent.com/imperialite/Philippine-Languages-Online-Corpora/master/Tweets/Annotated%20Yolanda/test/1.txt,2
Giving new hope for these children.,positive,low,sentiment,test,SEACrowd/typhoon_yolanda_tweets,2013_typhoon_yolanda,fil,yolanda-test-1-34,1,https://raw.githubusercontent.com/imperialite/Philippine-Languages-Online-Corpora/master/Tweets/Annotated%20Yolanda/test/1.txt,2
Kids at Hilangtaga-an Island near #Bantayan . Your smiles never cease to encourage me.,positive,low,sentiment,test,SEACrowd/typhoon_yolanda_tweets,2013_typhoon_yolanda,fil,yolanda-test-1-35,1,https://raw.githubusercontent.com/imperialite/Philippine-Languages-Online-Corpora/master/Tweets/Annotated%20Yolanda/test/1.txt,2
"My time is not over. This fight is for all the people affected by the typhoon."" - Manny Pacquio",positive,low,sentiment,test,SEACrowd/typhoon_yolanda_tweets,2013_typhoon_yolanda,fil,yolanda-test-1-36,1,https://raw.githubusercontent.com/imperialite/Philippine-Languages-Online-Corpora/master/Tweets/Annotated%20Yolanda/test/1.txt,2
"People change, feelings fade, and hearts move on",positive,low,sentiment,test,SEACrowd/typhoon_yolanda_tweets,2013_typhoon_yolanda,fil,yolanda-test-1-37,1,https://raw.githubusercontent.com/imperialite/Philippine-Languages-Online-Corpora/master/Tweets/Annotated%20Yolanda/test/1.txt,2
Goodmorning and have a blessful sunday ahead.,positive,low,sentiment,test,SEACrowd/typhoon_yolanda_tweets,2013_typhoon_yolanda,fil,yolanda-test-1-38,1,https://raw.githubusercontent.com/imperialite/Philippine-Languages-Online-Corpora/master/Tweets/Annotated%20Yolanda/test/1.txt,2
"Being a Filipino,I owe the world ten folds of gratitude for their suppor",positive,low,sentiment,test,SEACrowd/typhoon_yolanda_tweets,2013_typhoon_yolanda,fil,yolanda-test-1-39,1,https://raw.githubusercontent.com/imperialite/Philippine-Languages-Online-Corpora/master/Tweets/Annotated%20Yolanda/test/1.txt,2
The Star of Christmas #BangonPH - The Filipino Spirit is waterproof!,positive,low,sentiment,test,SEACrowd/typhoon_yolanda_tweets,2013_typhoon_yolanda,fil,yolanda-test-1-40,1,https://raw.githubusercontent.com/imperialite/Philippine-Languages-Online-Corpora/master/Tweets/Annotated%20Yolanda/test/1.txt,2
Thanks #RCI for the fundraising compilation CD for the benefit of #YolandaPH victims,positive,low,sentiment,test,SEACrowd/typhoon_yolanda_tweets,2013_typhoon_yolanda,fil,yolanda-test-1-41,1,https://raw.githubusercontent.com/imperialite/Philippine-Languages-Online-Corpora/master/Tweets/Annotated%20Yolanda/test/1.txt,2
"Give thanks to the God of heaven. His love endures forever"" (Psalm 136:26).",positive,low,sentiment,test,SEACrowd/typhoon_yolanda_tweets,2013_typhoon_yolanda,fil,yolanda-test-1-42,1,https://raw.githubusercontent.com/imperialite/Philippine-Languages-Online-Corpora/master/Tweets/Annotated%20Yolanda/test/1.txt,2
God can restore what are broken and change it into something amazing. All you need is FAITH. Joel 2:25,positive,low,sentiment,test,SEACrowd/typhoon_yolanda_tweets,2013_typhoon_yolanda,fil,yolanda-test-1-43,1,https://raw.githubusercontent.com/imperialite/Philippine-Languages-Online-Corpora/master/Tweets/Annotated%20Yolanda/test/1.txt,2
Home from relief ops! Gave me allergies but I know the little help that I did will go a long way.,positive,low,sentiment,test,SEACrowd/typhoon_yolanda_tweets,2013_typhoon_yolanda,fil,yolanda-test-1-44,1,https://raw.githubusercontent.com/imperialite/Philippine-Languages-Online-Corpora/master/Tweets/Annotated%20Yolanda/test/1.txt,2
We are grateful for all the aid and support given to our country in the wake of Typhoon Yolanda.,positive,low,sentiment,test,SEACrowd/typhoon_yolanda_tweets,2013_typhoon_yolanda,fil,yolanda-test-1-45,1,https://raw.githubusercontent.com/imperialite/Philippine-Languages-Online-Corpora/master/Tweets/Annotated%20Yolanda/test/1.txt,2
Very happy seeing how the World is helping the Philippines. A BIG Thanks to all of you Good People,positive,low,sentiment,test,SEACrowd/typhoon_yolanda_tweets,2013_typhoon_yolanda,fil,yolanda-test-1-46,1,https://raw.githubusercontent.com/imperialite/Philippine-Languages-Online-Corpora/master/Tweets/Annotated%20Yolanda/test/1.txt,2
"Pinoy Tayo , Kaya naten yan basta lageng nagtutulungan",positive,low,sentiment,test,SEACrowd/typhoon_yolanda_tweets,2013_typhoon_yolanda,fil,yolanda-test-1-47,1,https://raw.githubusercontent.com/imperialite/Philippine-Languages-Online-Corpora/master/Tweets/Annotated%20Yolanda/test/1.txt,2
Wew! Maraming salamat po sa inyo,positive,low,sentiment,test,SEACrowd/typhoon_yolanda_tweets,2013_typhoon_yolanda,fil,yolanda-test-1-48,1,https://raw.githubusercontent.com/imperialite/Philippine-Languages-Online-Corpora/master/Tweets/Annotated%20Yolanda/test/1.txt,2
We just started a campaign! Help make it happen for Help Northern #Cebu,positive,low,sentiment,test,SEACrowd/typhoon_yolanda_tweets,2013_typhoon_yolanda,fil,yolanda-test-1-49,1,https://raw.githubusercontent.com/imperialite/Philippine-Languages-Online-Corpora/master/Tweets/Annotated%20Yolanda/test/1.txt,2
You're too generous. Thank you Gasol,positive,low,sentiment,test,SEACrowd/typhoon_yolanda_tweets,2013_typhoon_yolanda,fil,yolanda-test-1-50,1,https://raw.githubusercontent.com/imperialite/Philippine-Languages-Online-Corpora/master/Tweets/Annotated%20Yolanda/test/1.txt,2
"Di sapat ang maawa ka lang, sa simpleng pagtext makakatulong ka na. Let us help each other",positive,low,sentiment,test,SEACrowd/typhoon_yolanda_tweets,2013_typhoon_yolanda,fil,yolanda-test-1-51,1,https://raw.githubusercontent.com/imperialite/Philippine-Languages-Online-Corpora/master/Tweets/Annotated%20Yolanda/test/1.txt,2
